time,Temp ,Hive,,,,,,
2015-09-23 0:00,13.56,Treatment1,,,,,,
2015-09-23 1:00,13.46,Treatment1,,,,,,
2015-09-23 2:00,13.53,Treatment1,,,,,,
2015-09-23 3:00,13.5,Treatment1,,,,,,
2015-09-23 4:00,14.13,Treatment1,,,,,,
2015-09-23 5:00,14.7,Treatment1,,,,,,
2015-09-23 6:00,14.71,Treatment1,,,,,,
2015-09-23 7:00,14.64,Treatment1,,,,,,
2015-09-23 8:00,14.29,Treatment1,,,,,,
2015-09-23 9:00,13.8,Treatment1,,,,,,
2015-09-23 10:00,14.1,Treatment1,,,,,,
2015-09-23 11:00,15.43,Treatment1,,,,,,
2015-09-23 12:00,18.74,Treatment1,,,,,,
2015-09-23 13:00,22.18,Treatment1,,,,,,
2015-09-23 14:00,25.56,Treatment1,,,,,,
2015-09-23 15:00,28.39,Treatment1,,,,,,
2015-09-23 16:00,29.94,Treatment1,,,,,,
2015-09-23 17:00,30.55,Treatment1,,,,,,
2015-09-23 18:00,29.5,Treatment1,,,,,,
2015-09-23 19:00,27.97,Treatment1,,,,,,
2015-09-23 20:00,25.65,Treatment1,,,,,,
2015-09-23 21:00,21.69,Treatment1,,,,,,
2015-09-23 22:00,18.91,Treatment1,,,,,,
2015-09-23 23:00,18.07,Treatment1,,,,,,
2015-09-24 0:00,17.37,Treatment1,,,,,,
2015-09-24 1:00,16.93,Treatment1,,,,,,
2015-09-24 2:00,15.54,Treatment1,,,,,,
2015-09-24 3:00,15.23,Treatment1,,,,,,
2015-09-24 4:00,15.01,Treatment1,,,,,,
2015-09-24 5:00,,Treatment1,,,,,,
2015-09-24 6:00,,Treatment1,,,,,,
2015-09-24 7:00,,Treatment1,,,,,,
2015-09-24 8:00,,Treatment1,,,,,,
2015-09-24 9:00,,Treatment1,,,,,,
2015-09-24 10:00,23.04,Treatment1,,,,,,
2015-09-24 11:00,23.51,Treatment1,,,,,,
2015-09-24 12:00,23.98,Treatment1,,,,,,
2015-09-24 13:00,24.58,Treatment1,,,,,,
2015-09-24 14:00,25.13,Treatment1,,,,,,
2015-09-24 15:00,26.87,Treatment1,,,,,,
2015-09-24 16:00,28.07,Treatment1,,,,,,
2015-09-24 17:00,28.18,Treatment1,,,,,,
2015-09-24 18:00,27.79,Treatment1,,,,,,
2015-09-24 19:00,26.01,Treatment1,,,,,,
2015-09-24 20:00,22.92,Treatment1,,,,,,
2015-09-24 21:00,17.01,Treatment1,,,,,,
2015-09-24 22:00,13.6,Treatment1,,,,,,
2015-09-24 23:00,13.47,Treatment1,,,,,,
2015-09-25 0:00,13.65,Treatment1,,,,,,
2015-09-25 1:00,14.13,Treatment1,,,,,,
2015-09-25 2:00,13.64,Treatment1,,,,,,
2015-09-25 3:00,13.83,Treatment1,,,,,,
2015-09-25 4:00,13.09,Treatment1,,,,,,
2015-09-25 5:00,13.03,Treatment1,,,,,,
2015-09-25 6:00,12.58,Treatment1,,,,,,
2015-09-25 7:00,13.07,Treatment1,,,,,,
2015-09-25 8:00,13.28,Treatment1,,,,,,
2015-09-25 9:00,13.21,Treatment1,,,,,,
2015-09-25 10:00,13.55,Treatment1,,,,,,
2015-09-25 11:00,14.71,Treatment1,,,,,,
2015-09-25 12:00,16.05,Treatment1,,,,,,
2015-09-25 13:00,17.5,Treatment1,,,,,,
2015-09-25 14:00,19.52,Treatment1,,,,,,
2015-09-25 15:00,20.63,Treatment1,,,,,,
2015-09-25 16:00,19.27,Treatment1,,,,,,
2015-09-25 17:00,20.35,Treatment1,,,,,,
2015-09-25 18:00,21.95,Treatment1,,,,,,
2015-09-25 19:00,22.51,Treatment1,,,,,,
2015-09-25 20:00,19.45,Treatment1,,,,,,
2015-09-25 21:00,14.42,Treatment1,,,,,,
2015-09-25 22:00,11.77,Treatment1,,,,,,
2015-09-25 23:00,11.12,Treatment1,,,,,,
2015-09-26 0:00,10.68,Treatment1,,,,,,
2015-09-26 1:00,10.15,Treatment1,,,,,,
2015-09-26 2:00,9.86,Treatment1,,,,,,
2015-09-26 3:00,9.58,Treatment1,,,,,,
2015-09-26 4:00,9.34,Treatment1,,,,,,
2015-09-26 5:00,9.05,Treatment1,,,,,,
2015-09-26 6:00,8.97,Treatment1,,,,,,
2015-09-26 7:00,8.79,Treatment1,,,,,,
2015-09-26 8:00,8.19,Treatment1,,,,,,
2015-09-26 9:00,7.63,Treatment1,,,,,,
2015-09-26 10:00,7.68,Treatment1,,,,,,
2015-09-26 11:00,9.04,Treatment1,,,,,,
2015-09-26 12:00,13,Treatment1,,,,,,
2015-09-26 13:00,17.93,Treatment1,,,,,,
2015-09-26 14:00,21.21,Treatment1,,,,,,
2015-09-26 15:00,22.45,Treatment1,,,,,,
2015-09-26 16:00,24.12,Treatment1,,,,,,
2015-09-26 17:00,25.3,Treatment1,,,,,,
2015-09-26 18:00,25.68,Treatment1,,,,,,
2015-09-26 19:00,24.12,Treatment1,,,,,,
2015-09-26 20:00,21.54,Treatment1,,,,,,
2015-09-26 21:00,14.75,Treatment1,,,,,,
2015-09-26 22:00,11.31,Treatment1,,,,,,
2015-09-26 23:00,10.45,Treatment1,,,,,,
2015-09-27 0:00,10.19,Treatment1,,,,,,
2015-09-27 1:00,10.03,Treatment1,,,,,,
2015-09-27 2:00,9.96,Treatment1,,,,,,
2015-09-27 3:00,9.63,Treatment1,,,,,,
2015-09-27 4:00,9.32,Treatment1,,,,,,
2015-09-27 5:00,9.56,Treatment1,,,,,,
2015-09-27 6:00,9.46,Treatment1,,,,,,
2015-09-27 7:00,9.23,Treatment1,,,,,,
2015-09-27 8:00,8.98,Treatment1,,,,,,
2015-09-27 9:00,8.65,Treatment1,,,,,,
2015-09-27 10:00,8.96,Treatment1,,,,,,
2015-09-27 11:00,11.09,Treatment1,,,,,,
2015-09-27 12:00,15.55,Treatment1,,,,,,
2015-09-27 13:00,20.47,Treatment1,,,,,,
2015-09-27 14:00,24.27,Treatment1,,,,,,
2015-09-27 15:00,26.45,Treatment1,,,,,,
2015-09-27 16:00,27.92,Treatment1,,,,,,
2015-09-27 17:00,28.6,Treatment1,,,,,,
2015-09-27 18:00,28.3,Treatment1,,,,,,
2015-09-27 19:00,27.53,Treatment1,,,,,,
2015-09-27 20:00,24.98,Treatment1,,,,,,
2015-09-27 21:00,19.47,Treatment1,,,,,,
2015-09-27 22:00,15.74,Treatment1,,,,,,
2015-09-27 23:00,14.16,Treatment1,,,,,,
2015-09-28 0:00,13.66,Treatment1,,,,,,
2015-09-28 1:00,13.13,Treatment1,,,,,,
2015-09-28 2:00,13.6,Treatment1,,,,,,
2015-09-28 3:00,12.61,Treatment1,,,,,,
2015-09-28 4:00,12.6,Treatment1,,,,,,
2015-09-28 5:00,14.27,Treatment1,,,,,,
2015-09-28 6:00,15.51,Treatment1,,,,,,
2015-09-28 7:00,15.7,Treatment1,,,,,,
2015-09-28 8:00,15.35,Treatment1,,,,,,
2015-09-28 9:00,16.35,Treatment1,,,,,,
2015-09-28 10:00,17.11,Treatment1,,,,,,
2015-09-28 11:00,17.88,Treatment1,,,,,,
2015-09-28 12:00,18.56,Treatment1,,,,,,
2015-09-28 13:00,20.42,Treatment1,,,,,,
2015-09-28 14:00,21.51,Treatment1,,,,,,
2015-09-28 15:00,23.93,Treatment1,,,,,,
2015-09-28 16:00,23.94,Treatment1,,,,,,
2015-09-28 17:00,23.48,Treatment1,,,,,,
2015-09-28 18:00,22.32,Treatment1,,,,,,
2015-09-28 19:00,20.99,Treatment1,,,,,,
2015-09-28 20:00,20.55,Treatment1,,,,,,
2015-09-28 21:00,19.84,Treatment1,,,,,,
2015-09-28 22:00,19.47,Treatment1,,,,,,
2015-09-28 23:00,19.36,Treatment1,,,,,,
2015-09-29 0:00,19.4,Treatment1,,,,,,
2015-09-29 1:00,19.41,Treatment1,,,,,,
2015-09-29 2:00,19.45,Treatment1,,,,,,
2015-09-29 3:00,19.57,Treatment1,,,,,,
2015-09-29 4:00,19.65,Treatment1,,,,,,
2015-09-29 5:00,19.8,Treatment1,,,,,,
2015-09-29 6:00,19.94,Treatment1,,,,,,
2015-09-29 7:00,20,Treatment1,,,,,,
2015-09-29 8:00,20.12,Treatment1,,,,,,
2015-09-29 9:00,20.27,Treatment1,,,,,,
2015-09-29 10:00,20.24,Treatment1,,,,,,
2015-09-29 11:00,21.54,Treatment1,,,,,,
2015-09-29 12:00,22.45,Treatment1,,,,,,
2015-09-29 13:00,22.67,Treatment1,,,,,,
2015-09-29 14:00,24.48,Treatment1,,,,,,
2015-09-29 15:00,25.83,Treatment1,,,,,,
2015-09-29 16:00,27.93,Treatment1,,,,,,
2015-09-29 17:00,25.19,Treatment1,,,,,,
2015-09-29 18:00,19.41,Treatment1,,,,,,
2015-09-29 19:00,19.19,Treatment1,,,,,,
2015-09-29 20:00,19.09,Treatment1,,,,,,
2015-09-29 21:00,19.03,Treatment1,,,,,,
2015-09-29 22:00,18.63,Treatment1,,,,,,
2015-09-29 23:00,17.23,Treatment1,,,,,,
2015-09-30 0:00,16.28,Treatment1,,,,,,
2015-09-30 1:00,16.29,Treatment1,,,,,,
2015-09-30 2:00,16.34,Treatment1,,,,,,
2015-09-30 3:00,16.54,Treatment1,,,,,,
2015-09-30 4:00,16.8,Treatment1,,,,,,
2015-09-30 5:00,16.49,Treatment1,,,,,,
2015-09-30 6:00,16.31,Treatment1,,,,,,
2015-09-30 7:00,15.39,Treatment1,,,,,,
2015-09-30 8:00,14.58,Treatment1,,,,,,
2015-09-30 9:00,14.27,Treatment1,,,,,,
2015-09-30 10:00,13.92,Treatment1,,,,,,
2015-09-30 11:00,13.73,Treatment1,,,,,,
2015-09-30 12:00,13.63,Treatment1,,,,,,
2015-09-30 13:00,13.32,Treatment1,,,,,,
2015-09-30 14:00,13.79,Treatment1,,,,,,
2015-09-30 15:00,14.94,Treatment1,,,,,,
2015-09-30 16:00,16.02,Treatment1,,,,,,
2015-09-30 17:00,15.94,Treatment1,,,,,,
2015-09-30 18:00,15.92,Treatment1,,,,,,
2015-09-30 19:00,16,Treatment1,,,,,,
2015-09-30 20:00,15.9,Treatment1,,,,,,
2015-09-30 21:00,15.3,Treatment1,,,,,,
2015-09-30 22:00,14.46,Treatment1,,,,,,
2015-09-30 23:00,13.95,Treatment1,,,,,,
2015-10-01 0:00,13.67,Treatment1,,,,,,
2015-10-01 1:00,12.88,Treatment1,,,,,,
2015-10-01 2:00,10.79,Treatment1,,,,,,
2015-10-01 3:00,9.21,Treatment1,,,,,,
2015-10-01 4:00,8.23,Treatment1,,,,,,
2015-10-01 5:00,7.7,Treatment1,,,,,,
2015-10-01 6:00,7.05,Treatment1,,,,,,
2015-10-01 7:00,6.64,Treatment1,,,,,,
2015-10-01 8:00,6.24,Treatment1,,,,,,
2015-10-01 9:00,6,Treatment1,,,,,,
2015-10-01 10:00,6.2,Treatment1,,,,,,
2015-10-01 11:00,7.36,Treatment1,,,,,,
2015-10-01 12:00,11.01,Treatment1,,,,,,
2015-10-01 13:00,15.08,Treatment1,,,,,,
2015-10-01 14:00,18.6,Treatment1,,,,,,
2015-10-01 15:00,21.06,Treatment1,,,,,,
2015-10-01 16:00,23.9,Treatment1,,,,,,
2015-10-01 17:00,23.39,Treatment1,,,,,,
2015-10-01 18:00,22.29,Treatment1,,,,,,
2015-10-01 19:00,20.46,Treatment1,,,,,,
2015-10-01 20:00,16.83,Treatment1,,,,,,
2015-10-01 21:00,13.65,Treatment1,,,,,,
2015-10-01 22:00,12.01,Treatment1,,,,,,
2015-10-01 23:00,11.35,Treatment1,,,,,,
2015-10-02 0:00,10.96,Treatment1,,,,,,
2015-10-02 1:00,10.6,Treatment1,,,,,,
2015-10-02 2:00,10.13,Treatment1,,,,,,
2015-10-02 3:00,9.66,Treatment1,,,,,,
2015-10-02 4:00,9.2,Treatment1,,,,,,
2015-10-02 5:00,8.58,Treatment1,,,,,,
2015-10-02 6:00,7.93,Treatment1,,,,,,
2015-10-02 7:00,7.5,Treatment1,,,,,,
2015-10-02 8:00,7.19,Treatment1,,,,,,
2015-10-02 9:00,6.64,Treatment1,,,,,,
2015-10-02 10:00,6.5,Treatment1,,,,,,
2015-10-02 11:00,7.82,Treatment1,,,,,,
2015-10-02 12:00,11.36,Treatment1,,,,,,
2015-10-02 13:00,15.49,Treatment1,,,,,,
2015-10-02 14:00,17.96,Treatment1,,,,,,
2015-10-02 15:00,19.93,Treatment1,,,,,,
2015-10-02 16:00,19.21,Treatment1,,,,,,
2015-10-02 17:00,20.82,Treatment1,,,,,,
2015-10-02 18:00,20.22,Treatment1,,,,,,
2015-10-02 19:00,17.67,Treatment1,,,,,,
2015-10-02 20:00,14.31,Treatment1,,,,,,
2015-10-02 21:00,13.08,Treatment1,,,,,,
2015-10-02 22:00,11,Treatment1,,,,,,
2015-10-02 23:00,10.31,Treatment1,,,,,,
2015-10-03 0:00,9.67,Treatment1,,,,,,
2015-10-03 1:00,8.87,Treatment1,,,,,,
2015-10-03 2:00,8.45,Treatment1,,,,,,
2015-10-03 3:00,8.08,Treatment1,,,,,,
2015-10-03 4:00,7.35,Treatment1,,,,,,
2015-10-03 5:00,6.94,Treatment1,,,,,,
2015-10-03 6:00,6.42,Treatment1,,,,,,
2015-10-03 7:00,5.81,Treatment1,,,,,,
2015-10-03 8:00,5.56,Treatment1,,,,,,
2015-10-03 9:00,5.31,Treatment1,,,,,,
2015-10-03 10:00,5.23,Treatment1,,,,,,
2015-10-03 11:00,6.72,Treatment1,,,,,,
2015-10-03 12:00,10.06,Treatment1,,,,,,
2015-10-03 13:00,13.33,Treatment1,,,,,,
2015-10-03 14:00,16.98,Treatment1,,,,,,
2015-10-03 15:00,19.03,Treatment1,,,,,,
2015-10-03 16:00,19.91,Treatment1,,,,,,
2015-10-03 17:00,20.63,Treatment1,,,,,,
2015-10-03 18:00,19.41,Treatment1,,,,,,
2015-10-03 19:00,17.78,Treatment1,,,,,,
2015-10-03 20:00,15.41,Treatment1,,,,,,
2015-10-03 21:00,11.53,Treatment1,,,,,,
2015-10-03 22:00,10.67,Treatment1,,,,,,
2015-10-03 23:00,9.96,Treatment1,,,,,,
2015-10-04 0:00,9.44,Treatment1,,,,,,
2015-10-04 1:00,9.1,Treatment1,,,,,,
2015-10-04 2:00,8.62,Treatment1,,,,,,
2015-10-04 3:00,8.23,Treatment1,,,,,,
2015-10-04 4:00,7.9,Treatment1,,,,,,
2015-10-04 5:00,7.53,Treatment1,,,,,,
2015-10-04 6:00,6.95,Treatment1,,,,,,
2015-10-04 7:00,6.44,Treatment1,,,,,,
2015-10-04 8:00,5.78,Treatment1,,,,,,
2015-10-04 9:00,5.15,Treatment1,,,,,,
2015-10-04 10:00,5.14,Treatment1,,,,,,
2015-10-04 11:00,6.57,Treatment1,,,,,,
2015-10-04 12:00,9.91,Treatment1,,,,,,
2015-10-04 13:00,12.45,Treatment1,,,,,,
2015-10-04 14:00,15.95,Treatment1,,,,,,
2015-10-04 15:00,18.24,Treatment1,,,,,,
2015-10-04 16:00,19.23,Treatment1,,,,,,
2015-10-04 17:00,19.24,Treatment1,,,,,,
2015-10-04 18:00,19.13,Treatment1,,,,,,
2015-10-04 19:00,17.54,Treatment1,,,,,,
2015-10-04 20:00,15.96,Treatment1,,,,,,
2015-10-04 21:00,12.4,Treatment1,,,,,,
2015-10-04 22:00,10.32,Treatment1,,,,,,
2015-10-04 23:00,9.42,Treatment1,,,,,,
2015-10-05 0:00,9.03,Treatment1,,,,,,
2015-10-05 1:00,8.75,Treatment1,,,,,,
2015-10-05 2:00,8.45,Treatment1,,,,,,
2015-10-05 3:00,7.93,Treatment1,,,,,,
2015-10-05 4:00,7.57,Treatment1,,,,,,
2015-10-05 5:00,7.26,Treatment1,,,,,,
2015-10-05 6:00,6.94,Treatment1,,,,,,
2015-10-05 7:00,6.57,Treatment1,,,,,,
2015-10-05 8:00,6.29,Treatment1,,,,,,
2015-10-05 9:00,6.18,Treatment1,,,,,,
2015-10-05 10:00,6.2,Treatment1,,,,,,
2015-10-05 11:00,8.03,Treatment1,,,,,,
2015-10-05 12:00,12.71,Treatment1,,,,,,
2015-10-05 13:00,15.77,Treatment1,,,,,,
2015-10-05 14:00,17.71,Treatment1,,,,,,
2015-10-05 15:00,19.54,Treatment1,,,,,,
2015-10-05 16:00,21.76,Treatment1,,,,,,
2015-10-05 17:00,22.21,Treatment1,,,,,,
2015-10-05 18:00,21.49,Treatment1,,,,,,
2015-10-05 19:00,20.24,Treatment1,,,,,,
2015-10-05 20:00,18.26,Treatment1,,,,,,
2015-10-05 21:00,15.76,Treatment1,,,,,,
2015-10-05 22:00,13.46,Treatment1,,,,,,
2015-10-05 23:00,12.38,Treatment1,,,,,,
2015-10-06 0:00,11.66,Treatment1,,,,,,
2015-10-06 1:00,13.29,Treatment1,,,,,,
2015-10-06 2:00,13.82,Treatment1,,,,,,
2015-10-06 3:00,13.97,Treatment1,,,,,,
2015-10-06 4:00,14,Treatment1,,,,,,
2015-10-06 5:00,13.93,Treatment1,,,,,,
2015-10-06 6:00,13.8,Treatment1,,,,,,
2015-10-06 7:00,13.74,Treatment1,,,,,,
2015-10-06 8:00,13.56,Treatment1,,,,,,
2015-10-06 9:00,13.49,Treatment1,,,,,,
2015-10-06 10:00,13.5,Treatment1,,,,,,
2015-10-06 11:00,14.15,Treatment1,,,,,,
2015-10-06 12:00,15.22,Treatment1,,,,,,
2015-10-06 13:00,16.46,Treatment1,,,,,,
2015-10-06 14:00,18.04,Treatment1,,,,,,
2015-10-06 15:00,17.24,Treatment1,,,,,,
2015-10-06 16:00,18.47,Treatment1,,,,,,
2015-10-06 17:00,17.19,Treatment1,,,,,,
2015-10-06 18:00,17.32,Treatment1,,,,,,
2015-10-06 19:00,17.21,Treatment1,,,,,,
2015-10-06 20:00,16.17,Treatment1,,,,,,
2015-10-06 21:00,14.9,Treatment1,,,,,,
2015-10-06 22:00,14.34,Treatment1,,,,,,
2015-10-06 23:00,14.37,Treatment1,,,,,,
2015-10-07 0:00,13.47,Treatment1,,,,,,
2015-10-07 1:00,13.19,Treatment1,,,,,,
2015-10-07 2:00,11.79,Treatment1,,,,,,
2015-10-07 3:00,12.12,Treatment1,,,,,,
2015-10-07 4:00,13.39,Treatment1,,,,,,
2015-10-07 5:00,13.4,Treatment1,,,,,,
2015-10-07 6:00,13.42,Treatment1,,,,,,
2015-10-07 7:00,13.73,Treatment1,,,,,,
2015-10-07 8:00,13.99,Treatment1,,,,,,
2015-10-07 9:00,14.11,Treatment1,,,,,,
2015-10-07 10:00,14.03,Treatment1,,,,,,
2015-10-07 11:00,14.69,Treatment1,,,,,,
2015-10-07 12:00,15.6,Treatment1,,,,,,
2015-10-07 13:00,15.3,Treatment1,,,,,,
2015-10-07 14:00,24.61,Treatment1,,,,,,
2015-10-07 15:00,23.87,Treatment1,,,,,,
2015-10-07 16:00,23.6,Treatment1,,,,,,
2015-10-07 17:00,23.42,Treatment1,,,,,,
2015-10-07 18:00,23.66,Treatment1,,,,,,
2015-10-07 19:00,22.39,Treatment1,,,,,,
2015-10-07 20:00,18.73,Treatment1,,,,,,
2015-10-07 21:00,16.2,Treatment1,,,,,,
2015-10-07 22:00,15.37,Treatment1,,,,,,
2015-10-07 23:00,14.55,Treatment1,,,,,,
2015-10-08 0:00,14.18,Treatment1,,,,,,
2015-10-08 1:00,13.61,Treatment1,,,,,,
2015-10-08 2:00,12.52,Treatment1,,,,,,
2015-10-08 3:00,11.77,Treatment1,,,,,,
2015-10-08 4:00,11.38,Treatment1,,,,,,
2015-10-08 5:00,10.84,Treatment1,,,,,,
2015-10-08 6:00,10.29,Treatment1,,,,,,
2015-10-08 7:00,10.3,Treatment1,,,,,,
2015-10-08 8:00,9.35,Treatment1,,,,,,
2015-10-08 9:00,8.61,Treatment1,,,,,,
2015-10-08 10:00,8.05,Treatment1,,,,,,
2015-10-08 11:00,8.85,Treatment1,,,,,,
2015-10-08 12:00,11.7,Treatment1,,,,,,
2015-10-08 13:00,14.36,Treatment1,,,,,,
2015-10-08 14:00,17.49,Treatment1,,,,,,
2015-10-08 15:00,18.86,Treatment1,,,,,,
2015-10-08 16:00,21.04,Treatment1,,,,,,
2015-10-08 17:00,21.28,Treatment1,,,,,,
2015-10-08 18:00,20.39,Treatment1,,,,,,
2015-10-08 19:00,,Treatment1,,,,,,
2015-10-08 20:00,,Treatment1,,,,,,
2015-10-08 21:00,,Treatment1,,,,,,
2015-10-08 22:00,,Treatment1,,,,,,
2015-10-08 23:00,,Treatment1,,,,,,
2015-10-09 0:00,12.11,Treatment1,,,,,,
2015-10-09 1:00,12.77,Treatment1,,,,,,
2015-10-09 2:00,12.87,Treatment1,,,,,,
2015-10-09 3:00,13.04,Treatment1,,,,,,
2015-10-09 3:59,13.1,Treatment1,,,,,,
2015-10-09 4:59,12.57,Treatment1,,,,,,
2015-10-09 5:59,13.05,Treatment1,,,,,,
2015-10-09 6:59,12.95,Treatment1,,,,,,
2015-10-10 11:59,7.38,Treatment1,,,,,,
2015-09-23 0:00,15.95,Treatment2,,,,,,
2015-09-23 1:00,15.14,Treatment2,,,,,,
2015-09-23 2:00,14.45,Treatment2,,,,,,
2015-09-23 3:00,13.98,Treatment2,,,,,,
2015-09-23 4:00,14.5,Treatment2,,,,,,
2015-09-23 5:00,15.13,Treatment2,,,,,,
2015-09-23 6:00,15.16,Treatment2,,,,,,
2015-09-23 7:00,15.16,Treatment2,,,,,,
2015-09-23 8:00,14.78,Treatment2,,,,,,
2015-09-23 9:00,14.4,Treatment2,,,,,,
2015-09-23 10:00,14.55,Treatment2,,,,,,
2015-09-23 11:00,15.51,Treatment2,,,,,,
2015-09-23 12:00,18.74,Treatment2,,,,,,
2015-09-23 13:00,22.02,Treatment2,,,,,,
2015-09-23 14:00,25.31,Treatment2,,,,,,
2015-09-23 15:00,28.26,Treatment2,,,,,,
2015-09-23 16:00,30.05,Treatment2,,,,,,
2015-09-23 17:00,30.85,Treatment2,,,,,,
2015-09-23 18:00,30.23,Treatment2,,,,,,
2015-09-23 19:00,28.91,Treatment2,,,,,,
2015-09-23 20:00,27.06,Treatment2,,,,,,
2015-09-23 21:00,23.79,Treatment2,,,,,,
2015-09-23 22:00,21.41,Treatment2,,,,,,
2015-09-23 23:00,20.71,Treatment2,,,,,,
2015-09-24 0:00,19.91,Treatment2,,,,,,
2015-09-24 1:00,19.36,Treatment2,,,,,,
2015-09-24 2:00,18.01,Treatment2,,,,,,
2015-09-24 3:00,17.19,Treatment2,,,,,,
2015-09-24 4:00,16.83,Treatment2,,,,,,
2015-09-24 5:00,,Treatment2,,,,,,
2015-09-24 6:00,,Treatment2,,,,,,
2015-09-24 7:00,,Treatment2,,,,,,
2015-09-24 8:00,,Treatment2,,,,,,
2015-09-24 9:00,,Treatment2,,,,,,
2015-09-24 10:00,22.36,Treatment2,,,,,,
2015-09-24 11:00,22.8,Treatment2,,,,,,
2015-09-24 12:00,23.29,Treatment2,,,,,,
2015-09-24 13:00,23.79,Treatment2,,,,,,
2015-09-24 14:00,24.35,Treatment2,,,,,,
2015-09-24 15:00,26.31,Treatment2,,,,,,
2015-09-24 16:00,27.7,Treatment2,,,,,,
2015-09-24 17:00,28,Treatment2,,,,,,
2015-09-24 18:00,27.85,Treatment2,,,,,,
2015-09-24 19:00,26.44,Treatment2,,,,,,
2015-09-24 20:00,24.21,Treatment2,,,,,,
2015-09-24 21:00,19.71,Treatment2,,,,,,
2015-09-24 22:00,16.62,Treatment2,,,,,,
2015-09-24 23:00,15.63,Treatment2,,,,,,
2015-09-25 0:00,15.14,Treatment2,,,,,,
2015-09-25 1:00,15.07,Treatment2,,,,,,
2015-09-25 2:00,14.25,Treatment2,,,,,,
2015-09-25 3:00,14.18,Treatment2,,,,,,
2015-09-25 4:00,13.2,Treatment2,,,,,,
2015-09-25 5:00,13.03,Treatment2,,,,,,
2015-09-25 6:00,12.37,Treatment2,,,,,,
2015-09-25 7:00,12.7,Treatment2,,,,,,
2015-09-25 8:00,12.88,Treatment2,,,,,,
2015-09-25 9:00,12.65,Treatment2,,,,,,
2015-09-25 10:00,13.17,Treatment2,,,,,,
2015-09-25 11:00,14.52,Treatment2,,,,,,
2015-09-25 12:00,16.02,Treatment2,,,,,,
2015-09-25 13:00,17.65,Treatment2,,,,,,
2015-09-25 14:00,19.66,Treatment2,,,,,,
2015-09-25 15:00,21.02,Treatment2,,,,,,
2015-09-25 16:00,20.11,Treatment2,,,,,,
2015-09-25 17:00,20.97,Treatment2,,,,,,
2015-09-25 18:00,22.24,Treatment2,,,,,,
2015-09-25 19:00,22.72,Treatment2,,,,,,
2015-09-25 20:00,20.34,Treatment2,,,,,,
2015-09-25 21:00,16.37,Treatment2,,,,,,
2015-09-25 22:00,13.44,Treatment2,,,,,,
2015-09-25 23:00,11.97,Treatment2,,,,,,
2015-09-26 0:00,11.05,Treatment2,,,,,,
2015-09-26 1:00,10.31,Treatment2,,,,,,
2015-09-26 2:00,9.71,Treatment2,,,,,,
2015-09-26 3:00,8.99,Treatment2,,,,,,
2015-09-26 4:00,8.54,Treatment2,,,,,,
2015-09-26 5:00,8.14,Treatment2,,,,,,
2015-09-26 6:00,7.9,Treatment2,,,,,,
2015-09-26 7:00,7.6,Treatment2,,,,,,
2015-09-26 8:00,7.16,Treatment2,,,,,,
2015-09-26 9:00,6.61,Treatment2,,,,,,
2015-09-26 10:00,6.79,Treatment2,,,,,,
2015-09-26 11:00,8.33,Treatment2,,,,,,
2015-09-26 12:00,11.81,Treatment2,,,,,,
2015-09-26 13:00,16.03,Treatment2,,,,,,
2015-09-26 14:00,20.36,Treatment2,,,,,,
2015-09-26 15:00,22.37,Treatment2,,,,,,
2015-09-26 16:00,24.19,Treatment2,,,,,,
2015-09-26 17:00,25.3,Treatment2,,,,,,
2015-09-26 18:00,25.75,Treatment2,,,,,,
2015-09-26 19:00,24.06,Treatment2,,,,,,
2015-09-26 20:00,21.1,Treatment2,,,,,,
2015-09-26 21:00,17.34,Treatment2,,,,,,
2015-09-26 22:00,14.47,Treatment2,,,,,,
2015-09-26 23:00,12.84,Treatment2,,,,,,
2015-09-27 0:00,11.78,Treatment2,,,,,,
2015-09-27 1:00,10.78,Treatment2,,,,,,
2015-09-27 2:00,10.07,Treatment2,,,,,,
2015-09-27 3:00,9.43,Treatment2,,,,,,
2015-09-27 4:00,8.88,Treatment2,,,,,,
2015-09-27 5:00,9.01,Treatment2,,,,,,
2015-09-27 6:00,8.63,Treatment2,,,,,,
2015-09-27 7:00,8.19,Treatment2,,,,,,
2015-09-27 8:00,8.12,Treatment2,,,,,,
2015-09-27 9:00,7.74,Treatment2,,,,,,
2015-09-27 10:00,8.02,Treatment2,,,,,,
2015-09-27 11:00,10.11,Treatment2,,,,,,
2015-09-27 12:00,13.87,Treatment2,,,,,,
2015-09-27 13:00,19.23,Treatment2,,,,,,
2015-09-27 14:00,23.53,Treatment2,,,,,,
2015-09-27 15:00,26.35,Treatment2,,,,,,
2015-09-27 16:00,28.16,Treatment2,,,,,,
2015-09-27 17:00,29.17,Treatment2,,,,,,
2015-09-27 18:00,29.22,Treatment2,,,,,,
2015-09-27 19:00,28.63,Treatment2,,,,,,
2015-09-27 20:00,26.79,Treatment2,,,,,,
2015-09-27 21:00,22.48,Treatment2,,,,,,
2015-09-27 22:00,19.64,Treatment2,,,,,,
2015-09-27 23:00,18.27,Treatment2,,,,,,
2015-09-28 0:00,17.55,Treatment2,,,,,,
2015-09-28 1:00,16.65,Treatment2,,,,,,
2015-09-28 2:00,16.59,Treatment2,,,,,,
2015-09-28 3:00,15.4,Treatment2,,,,,,
2015-09-28 4:00,15.04,Treatment2,,,,,,
2015-09-28 5:00,16.61,Treatment2,,,,,,
2015-09-28 6:00,17.75,Treatment2,,,,,,
2015-09-28 7:00,17.87,Treatment2,,,,,,
2015-09-28 8:00,17.42,Treatment2,,,,,,
2015-09-28 9:00,18.4,Treatment2,,,,,,
2015-09-28 10:00,19.25,Treatment2,,,,,,
2015-09-28 11:00,19.93,Treatment2,,,,,,
2015-09-28 12:00,20.53,Treatment2,,,,,,
2015-09-28 13:00,22.01,Treatment2,,,,,,
2015-09-28 14:00,23.15,Treatment2,,,,,,
2015-09-28 15:00,25.14,Treatment2,,,,,,
2015-09-28 16:00,25.45,Treatment2,,,,,,
2015-09-28 17:00,25.3,Treatment2,,,,,,
2015-09-28 18:00,24.37,Treatment2,,,,,,
2015-09-28 19:00,23.02,Treatment2,,,,,,
2015-09-28 20:00,22.95,Treatment2,,,,,,
2015-09-28 21:00,22.81,Treatment2,,,,,,
2015-09-28 22:00,22.18,Treatment2,,,,,,
2015-09-28 23:00,21.95,Treatment2,,,,,,
2015-09-29 0:00,22.13,Treatment2,,,,,,
2015-09-29 1:00,22.35,Treatment2,,,,,,
2015-09-29 2:00,22.11,Treatment2,,,,,,
2015-09-29 3:00,21.8,Treatment2,,,,,,
2015-09-29 4:00,21.97,Treatment2,,,,,,
2015-09-29 5:00,22.21,Treatment2,,,,,,
2015-09-29 6:00,22.3,Treatment2,,,,,,
2015-09-29 7:00,22.4,Treatment2,,,,,,
2015-09-29 8:00,22.4,Treatment2,,,,,,
2015-09-29 9:00,22.4,Treatment2,,,,,,
2015-09-29 10:00,22.31,Treatment2,,,,,,
2015-09-29 11:00,23.18,Treatment2,,,,,,
2015-09-29 12:00,24.11,Treatment2,,,,,,
2015-09-29 13:00,24.38,Treatment2,,,,,,
2015-09-29 14:00,25.89,Treatment2,,,,,,
2015-09-29 15:00,26.91,Treatment2,,,,,,
2015-09-29 16:00,28.64,Treatment2,,,,,,
2015-09-29 17:00,26.35,Treatment2,,,,,,
2015-09-29 18:00,21.5,Treatment2,,,,,,
2015-09-29 19:00,21.28,Treatment2,,,,,,
2015-09-29 20:00,21.16,Treatment2,,,,,,
2015-09-29 21:00,21.18,Treatment2,,,,,,
2015-09-29 22:00,20.78,Treatment2,,,,,,
2015-09-29 23:00,19.34,Treatment2,,,,,,
2015-09-30 0:00,18.11,Treatment2,,,,,,
2015-09-30 1:00,17.77,Treatment2,,,,,,
2015-09-30 2:00,17.66,Treatment2,,,,,,
2015-09-30 3:00,17.69,Treatment2,,,,,,
2015-09-30 4:00,17.82,Treatment2,,,,,,
2015-09-30 5:00,17.43,Treatment2,,,,,,
2015-09-30 6:00,17.1,Treatment2,,,,,,
2015-09-30 7:00,16.21,Treatment2,,,,,,
2015-09-30 8:00,15.21,Treatment2,,,,,,
2015-09-30 9:00,14.58,Treatment2,,,,,,
2015-09-30 10:00,14.18,Treatment2,,,,,,
2015-09-30 11:00,13.85,Treatment2,,,,,,
2015-09-30 12:00,14.3,Treatment2,,,,,,
2015-09-30 13:00,13.77,Treatment2,,,,,,
2015-09-30 14:00,13.96,Treatment2,,,,,,
2015-09-30 15:00,15.29,Treatment2,,,,,,
2015-09-30 16:00,16.47,Treatment2,,,,,,
2015-09-30 17:00,16.42,Treatment2,,,,,,
2015-09-30 18:00,16.49,Treatment2,,,,,,
2015-09-30 19:00,16.51,Treatment2,,,,,,
2015-09-30 20:00,16.42,Treatment2,,,,,,
2015-09-30 21:00,15.8,Treatment2,,,,,,
2015-09-30 22:00,15.01,Treatment2,,,,,,
2015-09-30 23:00,14.41,Treatment2,,,,,,
2015-10-01 0:00,13.98,Treatment2,,,,,,
2015-10-01 1:00,13.13,Treatment2,,,,,,
2015-10-01 2:00,10.82,Treatment2,,,,,,
2015-10-01 3:00,8.87,Treatment2,,,,,,
2015-10-01 4:00,7.73,Treatment2,,,,,,
2015-10-01 5:00,7.05,Treatment2,,,,,,
2015-10-01 6:00,6.33,Treatment2,,,,,,
2015-10-01 7:00,5.77,Treatment2,,,,,,
2015-10-01 8:00,5.53,Treatment2,,,,,,
2015-10-01 9:00,5.4,Treatment2,,,,,,
2015-10-01 10:00,5.39,Treatment2,,,,,,
2015-10-01 11:00,6.17,Treatment2,,,,,,
2015-10-01 12:00,9.47,Treatment2,,,,,,
2015-10-01 13:00,13.5,Treatment2,,,,,,
2015-10-01 14:00,17.28,Treatment2,,,,,,
2015-10-01 15:00,19.73,Treatment2,,,,,,
2015-10-01 16:00,22.58,Treatment2,,,,,,
2015-10-01 17:00,23,Treatment2,,,,,,
2015-10-01 18:00,22.57,Treatment2,,,,,,
2015-10-01 19:00,21.33,Treatment2,,,,,,
2015-10-01 20:00,18.54,Treatment2,,,,,,
2015-10-01 21:00,15.62,Treatment2,,,,,,
2015-10-01 22:00,13.28,Treatment2,,,,,,
2015-10-01 23:00,12.02,Treatment2,,,,,,
2015-10-02 0:00,11.28,Treatment2,,,,,,
2015-10-02 1:00,10.59,Treatment2,,,,,,
2015-10-02 2:00,10.03,Treatment2,,,,,,
2015-10-02 3:00,9.44,Treatment2,,,,,,
2015-10-02 4:00,8.87,Treatment2,,,,,,
2015-10-02 5:00,8.21,Treatment2,,,,,,
2015-10-02 6:00,7.77,Treatment2,,,,,,
2015-10-02 7:00,7.27,Treatment2,,,,,,
2015-10-02 8:00,6.87,Treatment2,,,,,,
2015-10-02 9:00,6.34,Treatment2,,,,,,
2015-10-02 10:00,6.16,Treatment2,,,,,,
2015-10-02 11:00,7.16,Treatment2,,,,,,
2015-10-02 12:00,10.63,Treatment2,,,,,,
2015-10-02 13:00,15.03,Treatment2,,,,,,
2015-10-02 14:00,17.93,Treatment2,,,,,,
2015-10-02 15:00,20.16,Treatment2,,,,,,
2015-10-02 16:00,20.2,Treatment2,,,,,,
2015-10-02 17:00,21.65,Treatment2,,,,,,
2015-10-02 18:00,20.77,Treatment2,,,,,,
2015-10-02 19:00,18.97,Treatment2,,,,,,
2015-10-02 20:00,15.94,Treatment2,,,,,,
2015-10-02 21:00,14.33,Treatment2,,,,,,
2015-10-02 22:00,11.87,Treatment2,,,,,,
2015-10-02 23:00,10.85,Treatment2,,,,,,
2015-10-03 0:00,10.02,Treatment2,,,,,,
2015-10-03 1:00,8.85,Treatment2,,,,,,
2015-10-03 2:00,8.34,Treatment2,,,,,,
2015-10-03 3:00,8.01,Treatment2,,,,,,
2015-10-03 4:00,7.21,Treatment2,,,,,,
2015-10-03 5:00,6.7,Treatment2,,,,,,
2015-10-03 6:00,6.19,Treatment2,,,,,,
2015-10-03 7:00,5.66,Treatment2,,,,,,
2015-10-03 8:00,5.43,Treatment2,,,,,,
2015-10-03 9:00,5.18,Treatment2,,,,,,
2015-10-03 10:00,5.17,Treatment2,,,,,,
2015-10-03 11:00,6.31,Treatment2,,,,,,
2015-10-03 12:00,9.94,Treatment2,,,,,,
2015-10-03 13:00,13.77,Treatment2,,,,,,
2015-10-03 14:00,16.94,Treatment2,,,,,,
2015-10-03 15:00,19.02,Treatment2,,,,,,
2015-10-03 16:00,20.35,Treatment2,,,,,,
2015-10-03 17:00,21.17,Treatment2,,,,,,
2015-10-03 18:00,20.4,Treatment2,,,,,,
2015-10-03 19:00,19,Treatment2,,,,,,
2015-10-03 20:00,17.24,Treatment2,,,,,,
2015-10-03 21:00,13.55,Treatment2,,,,,,
2015-10-03 22:00,12.22,Treatment2,,,,,,
2015-10-03 23:00,11.18,Treatment2,,,,,,
2015-10-04 0:00,10.21,Treatment2,,,,,,
2015-10-04 1:00,9.61,Treatment2,,,,,,
2015-10-04 2:00,8.91,Treatment2,,,,,,
2015-10-04 3:00,8.38,Treatment2,,,,,,
2015-10-04 4:00,7.89,Treatment2,,,,,,
2015-10-04 5:00,7.29,Treatment2,,,,,,
2015-10-04 6:00,6.73,Treatment2,,,,,,
2015-10-04 7:00,6.23,Treatment2,,,,,,
2015-10-04 8:00,5.68,Treatment2,,,,,,
2015-10-04 9:00,5.15,Treatment2,,,,,,
2015-10-04 10:00,5.16,Treatment2,,,,,,
2015-10-04 11:00,6.34,Treatment2,,,,,,
2015-10-04 12:00,9.56,Treatment2,,,,,,
2015-10-04 13:00,12.1,Treatment2,,,,,,
2015-10-04 14:00,16.16,Treatment2,,,,,,
2015-10-04 15:00,18.96,Treatment2,,,,,,
2015-10-04 16:00,20.48,Treatment2,,,,,,
2015-10-04 17:00,20.97,Treatment2,,,,,,
2015-10-04 18:00,21.03,Treatment2,,,,,,
2015-10-04 19:00,19.9,Treatment2,,,,,,
2015-10-04 20:00,18.68,Treatment2,,,,,,
2015-10-04 21:00,14.89,Treatment2,,,,,,
2015-10-04 22:00,11.74,Treatment2,,,,,,
2015-10-04 23:00,10.28,Treatment2,,,,,,
2015-10-05 0:00,9.37,Treatment2,,,,,,
2015-10-05 1:00,8.73,Treatment2,,,,,,
2015-10-05 2:00,8.05,Treatment2,,,,,,
2015-10-05 3:00,7.49,Treatment2,,,,,,
2015-10-05 4:00,6.99,Treatment2,,,,,,
2015-10-05 5:00,6.57,Treatment2,,,,,,
2015-10-05 6:00,6.34,Treatment2,,,,,,
2015-10-05 7:00,5.97,Treatment2,,,,,,
2015-10-05 8:00,5.87,Treatment2,,,,,,
2015-10-05 9:00,5.76,Treatment2,,,,,,
2015-10-05 10:00,5.85,Treatment2,,,,,,
2015-10-05 11:00,7.65,Treatment2,,,,,,
2015-10-05 12:00,12,Treatment2,,,,,,
2015-10-05 13:00,15.51,Treatment2,,,,,,
2015-10-05 14:00,17.78,Treatment2,,,,,,
2015-10-05 15:00,19.84,Treatment2,,,,,,
2015-10-05 16:00,22.03,Treatment2,,,,,,
2015-10-05 17:00,22.74,Treatment2,,,,,,
2015-10-05 18:00,22.27,Treatment2,,,,,,
2015-10-05 19:00,21.75,Treatment2,,,,,,
2015-10-05 20:00,20.53,Treatment2,,,,,,
2015-10-05 21:00,18.57,Treatment2,,,,,,
2015-10-05 22:00,16.3,Treatment2,,,,,,
2015-10-05 23:00,14.62,Treatment2,,,,,,
2015-10-06 0:00,13.26,Treatment2,,,,,,
2015-10-06 1:00,14.8,Treatment2,,,,,,
2015-10-06 2:00,15.22,Treatment2,,,,,,
2015-10-06 3:00,15.31,Treatment2,,,,,,
2015-10-06 4:00,15.28,Treatment2,,,,,,
2015-10-06 5:00,15.09,Treatment2,,,,,,
2015-10-06 6:00,14.93,Treatment2,,,,,,
2015-10-06 7:00,14.7,Treatment2,,,,,,
2015-10-06 8:00,14.4,Treatment2,,,,,,
2015-10-06 9:00,14.27,Treatment2,,,,,,
2015-10-06 10:00,14.25,Treatment2,,,,,,
2015-10-06 11:00,14.93,Treatment2,,,,,,
2015-10-06 12:00,16.05,Treatment2,,,,,,
2015-10-06 13:00,17.35,Treatment2,,,,,,
2015-10-06 14:00,18.94,Treatment2,,,,,,
2015-10-06 15:00,18.45,Treatment2,,,,,,
2015-10-06 16:00,19.46,Treatment2,,,,,,
2015-10-06 17:00,18.6,Treatment2,,,,,,
2015-10-06 18:00,18.8,Treatment2,,,,,,
2015-10-06 19:00,18.58,Treatment2,,,,,,
2015-10-06 20:00,17.77,Treatment2,,,,,,
2015-10-06 21:00,16.82,Treatment2,,,,,,
2015-10-06 22:00,16.2,Treatment2,,,,,,
2015-10-06 23:00,16.02,Treatment2,,,,,,
2015-10-07 0:00,14.86,Treatment2,,,,,,
2015-10-07 1:00,14.24,Treatment2,,,,,,
2015-10-07 2:00,12.76,Treatment2,,,,,,
2015-10-07 3:00,12.79,Treatment2,,,,,,
2015-10-07 4:00,14.14,Treatment2,,,,,,
2015-10-07 5:00,14.16,Treatment2,,,,,,
2015-10-07 6:00,14.13,Treatment2,,,,,,
2015-10-07 7:00,14.53,Treatment2,,,,,,
2015-10-07 8:00,14.83,Treatment2,,,,,,
2015-10-07 9:00,14.91,Treatment2,,,,,,
2015-10-07 10:00,14.9,Treatment2,,,,,,
2015-10-07 11:00,15.5,Treatment2,,,,,,
2015-10-07 12:00,16.46,Treatment2,,,,,,
2015-10-07 13:00,16.36,Treatment2,,,,,,
2015-10-07 14:00,24.74,Treatment2,,,,,,
2015-10-07 15:00,25.6,Treatment2,,,,,,
2015-10-07 16:00,27.25,Treatment2,,,,,,
2015-10-07 17:00,26.63,Treatment2,,,,,,
2015-10-07 18:00,26.46,Treatment2,,,,,,
2015-10-07 19:00,20.89,Treatment2,,,,,,
2015-10-07 20:00,16.83,Treatment2,,,,,,
2015-10-07 21:00,13.69,Treatment2,,,,,,
2015-10-07 22:00,12.33,Treatment2,,,,,,
2015-10-07 23:00,10.84,Treatment2,,,,,,
2015-10-08 0:00,9.91,Treatment2,,,,,,
2015-10-08 1:00,7.49,Treatment2,,,,,,
2015-10-08 2:00,5.25,Treatment2,,,,,,
2015-10-08 3:00,NA,Treatment2,,,,,,
2015-10-08 4:00,NA,Treatment2,,,,,,
2015-10-08 5:00,NA,Treatment2,,,,,,
2015-10-08 6:00,NA,Treatment2,,,,,,
2015-10-08 7:00,NA,Treatment2,,,,,,
2015-10-08 8:00,NA,Treatment2,,,,,,
2015-10-08 9:00,NA,Treatment2,,,,,,
2015-10-08 10:00,NA,Treatment2,,,,,,
2015-10-08 11:00,NA,Treatment2,,,,,,
2015-10-08 12:00,7.92,Treatment2,,,,,,
2015-10-08 13:00,14.85,Treatment2,,,,,,
2015-10-08 14:00,23.7,Treatment2,,,,,,
2015-10-08 15:00,21.29,Treatment2,,,,,,
2015-10-08 16:00,21.38,Treatment2,,,,,,
2015-10-08 17:00,20.68,Treatment2,,,,,,
2015-10-08 18:00,19.77,Treatment2,,,,,,
2015-10-08 19:00,,Treatment2,,,,,,
2015-10-08 20:00,,Treatment2,,,,,,
2015-10-08 21:00,,Treatment2,,,,,,
2015-10-08 22:00,,Treatment2,,,,,,
2015-10-08 23:00,,Treatment2,,,,,,
2015-10-09 0:00,10.42,Treatment2,,,,,,
2015-10-09 1:00,11.55,Treatment2,,,,,,
2015-10-09 2:00,11.57,Treatment2,,,,,,
2015-10-09 3:00,11.6,Treatment2,,,,,,
2015-10-09 3:59,11.8,Treatment2,,,,,,
2015-10-09 4:59,11.24,Treatment2,,,,,,
2015-10-09 5:59,11.16,Treatment2,,,,,,
2015-10-09 6:59,10.63,Treatment2,,,,,,
2015-10-10 11:59,5.05,Treatment2,,,,,,
2015-09-23 0:00,15.77,Treatment3,,,,,,
2015-09-23 1:00,15.51,Treatment3,,,,,,
2015-09-23 2:00,15.45,Treatment3,,,,,,
2015-09-23 3:00,15.25,Treatment3,,,,,,
2015-09-23 4:00,15.85,Treatment3,,,,,,
2015-09-23 5:00,16.61,Treatment3,,,,,,
2015-09-23 6:00,16.7,Treatment3,,,,,,
2015-09-23 7:00,16.65,Treatment3,,,,,,
2015-09-23 8:00,16.35,Treatment3,,,,,,
2015-09-23 9:00,15.88,Treatment3,,,,,,
2015-09-23 10:00,15.93,Treatment3,,,,,,
2015-09-23 11:00,16.64,Treatment3,,,,,,
2015-09-23 12:00,19.23,Treatment3,,,,,,
2015-09-23 13:00,22.12,Treatment3,,,,,,
2015-09-23 14:00,24.73,Treatment3,,,,,,
2015-09-23 15:00,27.06,Treatment3,,,,,,
2015-09-23 16:00,28.27,Treatment3,,,,,,
2015-09-23 17:00,29.12,Treatment3,,,,,,
2015-09-23 18:00,28.49,Treatment3,,,,,,
2015-09-23 19:00,27.2,Treatment3,,,,,,
2015-09-23 20:00,25.69,Treatment3,,,,,,
2015-09-23 21:00,23.19,Treatment3,,,,,,
2015-09-23 22:00,20.98,Treatment3,,,,,,
2015-09-23 23:00,20.07,Treatment3,,,,,,
2015-09-24 0:00,19.38,Treatment3,,,,,,
2015-09-24 1:00,19.03,Treatment3,,,,,,
2015-09-24 2:00,17.92,Treatment3,,,,,,
2015-09-24 3:00,17.45,Treatment3,,,,,,
2015-09-24 4:00,17.29,Treatment3,,,,,,
2015-09-24 5:00,,Treatment3,,,,,,
2015-09-24 6:00,,Treatment3,,,,,,
2015-09-24 7:00,,Treatment3,,,,,,
2015-09-24 8:00,,Treatment3,,,,,,
2015-09-24 9:00,,Treatment3,,,,,,
2015-09-24 10:00,22.44,Treatment3,,,,,,
2015-09-24 11:00,22.79,Treatment3,,,,,,
2015-09-24 12:00,23.14,Treatment3,,,,,,
2015-09-24 13:00,23.57,Treatment3,,,,,,
2015-09-24 14:00,24.07,Treatment3,,,,,,
2015-09-24 15:00,25.63,Treatment3,,,,,,
2015-09-24 16:00,26.52,Treatment3,,,,,,
2015-09-24 17:00,26.63,Treatment3,,,,,,
2015-09-24 18:00,26.37,Treatment3,,,,,,
2015-09-24 19:00,25.12,Treatment3,,,,,,
2015-09-24 20:00,23.15,Treatment3,,,,,,
2015-09-24 21:00,19.19,Treatment3,,,,,,
2015-09-24 22:00,16.17,Treatment3,,,,,,
2015-09-24 23:00,15.6,Treatment3,,,,,,
2015-09-25 0:00,15.48,Treatment3,,,,,,
2015-09-25 1:00,15.7,Treatment3,,,,,,
2015-09-25 2:00,15.32,Treatment3,,,,,,
2015-09-25 3:00,15.27,Treatment3,,,,,,
2015-09-25 4:00,14.55,Treatment3,,,,,,
2015-09-25 5:00,14.44,Treatment3,,,,,,
2015-09-25 6:00,14.02,Treatment3,,,,,,
2015-09-25 7:00,14.42,Treatment3,,,,,,
2015-09-25 8:00,14.75,Treatment3,,,,,,
2015-09-25 9:00,14.61,Treatment3,,,,,,
2015-09-25 10:00,15.04,Treatment3,,,,,,
2015-09-25 11:00,16.07,Treatment3,,,,,,
2015-09-25 12:00,17.13,Treatment3,,,,,,
2015-09-25 13:00,18.1,Treatment3,,,,,,
2015-09-25 14:00,19.53,Treatment3,,,,,,
2015-09-25 15:00,20.66,Treatment3,,,,,,
2015-09-25 16:00,19.78,Treatment3,,,,,,
2015-09-25 17:00,20.34,Treatment3,,,,,,
2015-09-25 18:00,21.24,Treatment3,,,,,,
2015-09-25 19:00,21.55,Treatment3,,,,,,
2015-09-25 20:00,19.44,Treatment3,,,,,,
2015-09-25 21:00,16.29,Treatment3,,,,,,
2015-09-25 22:00,13.87,Treatment3,,,,,,
2015-09-25 23:00,12.82,Treatment3,,,,,,
2015-09-26 0:00,12.17,Treatment3,,,,,,
2015-09-26 1:00,11.78,Treatment3,,,,,,
2015-09-26 2:00,11.33,Treatment3,,,,,,
2015-09-26 3:00,11.03,Treatment3,,,,,,
2015-09-26 4:00,10.84,Treatment3,,,,,,
2015-09-26 5:00,10.7,Treatment3,,,,,,
2015-09-26 6:00,10.62,Treatment3,,,,,,
2015-09-26 7:00,10.48,Treatment3,,,,,,
2015-09-26 8:00,10.16,Treatment3,,,,,,
2015-09-26 9:00,9.77,Treatment3,,,,,,
2015-09-26 10:00,9.78,Treatment3,,,,,,
2015-09-26 11:00,10.98,Treatment3,,,,,,
2015-09-26 12:00,13.9,Treatment3,,,,,,
2015-09-26 13:00,17.78,Treatment3,,,,,,
2015-09-26 14:00,20.24,Treatment3,,,,,,
2015-09-26 15:00,21.03,Treatment3,,,,,,
2015-09-26 16:00,22.43,Treatment3,,,,,,
2015-09-26 17:00,23.37,Treatment3,,,,,,
2015-09-26 18:00,23.93,Treatment3,,,,,,
2015-09-26 19:00,22.5,Treatment3,,,,,,
2015-09-26 20:00,20.71,Treatment3,,,,,,
2015-09-26 21:00,16.81,Treatment3,,,,,,
2015-09-26 22:00,13.75,Treatment3,,,,,,
2015-09-26 23:00,12.66,Treatment3,,,,,,
2015-09-27 0:00,12.21,Treatment3,,,,,,
2015-09-27 1:00,11.74,Treatment3,,,,,,
2015-09-27 2:00,11.4,Treatment3,,,,,,
2015-09-27 3:00,11.11,Treatment3,,,,,,
2015-09-27 4:00,10.92,Treatment3,,,,,,
2015-09-27 5:00,11.2,Treatment3,,,,,,
2015-09-27 6:00,11.17,Treatment3,,,,,,
2015-09-27 7:00,10.96,Treatment3,,,,,,
2015-09-27 8:00,10.9,Treatment3,,,,,,
2015-09-27 9:00,10.7,Treatment3,,,,,,
2015-09-27 10:00,10.81,Treatment3,,,,,,
2015-09-27 11:00,12.47,Treatment3,,,,,,
2015-09-27 12:00,15.69,Treatment3,,,,,,
2015-09-27 13:00,19.68,Treatment3,,,,,,
2015-09-27 14:00,22.83,Treatment3,,,,,,
2015-09-27 15:00,25.11,Treatment3,,,,,,
2015-09-27 16:00,26.48,Treatment3,,,,,,
2015-09-27 17:00,27.32,Treatment3,,,,,,
2015-09-27 18:00,27.29,Treatment3,,,,,,
2015-09-27 19:00,26.79,Treatment3,,,,,,
2015-09-27 20:00,25.19,Treatment3,,,,,,
2015-09-27 21:00,21.65,Treatment3,,,,,,
2015-09-27 22:00,18.78,Treatment3,,,,,,
2015-09-27 23:00,17.19,Treatment3,,,,,,
2015-09-28 0:00,16.72,Treatment3,,,,,,
2015-09-28 1:00,15.94,Treatment3,,,,,,
2015-09-28 2:00,16.08,Treatment3,,,,,,
2015-09-28 3:00,15.22,Treatment3,,,,,,
2015-09-28 4:00,15.14,Treatment3,,,,,,
2015-09-28 5:00,16.48,Treatment3,,,,,,
2015-09-28 6:00,17.46,Treatment3,,,,,,
2015-09-28 7:00,17.78,Treatment3,,,,,,
2015-09-28 8:00,17.37,Treatment3,,,,,,
2015-09-28 9:00,18.09,Treatment3,,,,,,
2015-09-28 10:00,18.65,Treatment3,,,,,,
2015-09-28 11:00,19.12,Treatment3,,,,,,
2015-09-28 12:00,19.42,Treatment3,,,,,,
2015-09-28 13:00,20.76,Treatment3,,,,,,
2015-09-28 14:00,21.79,Treatment3,,,,,,
2015-09-28 15:00,23.57,Treatment3,,,,,,
2015-09-28 16:00,23.97,Treatment3,,,,,,
2015-09-28 17:00,23.98,Treatment3,,,,,,
2015-09-28 18:00,23.35,Treatment3,,,,,,
2015-09-28 19:00,22.34,Treatment3,,,,,,
2015-09-28 20:00,22.03,Treatment3,,,,,,
2015-09-28 21:00,21.75,Treatment3,,,,,,
2015-09-28 22:00,21.26,Treatment3,,,,,,
2015-09-28 23:00,21.04,Treatment3,,,,,,
2015-09-29 0:00,21.13,Treatment3,,,,,,
2015-09-29 1:00,21.28,Treatment3,,,,,,
2015-09-29 2:00,21.16,Treatment3,,,,,,
2015-09-29 3:00,20.88,Treatment3,,,,,,
2015-09-29 4:00,20.97,Treatment3,,,,,,
2015-09-29 5:00,21.28,Treatment3,,,,,,
2015-09-29 6:00,21.41,Treatment3,,,,,,
2015-09-29 7:00,21.5,Treatment3,,,,,,
2015-09-29 8:00,21.53,Treatment3,,,,,,
2015-09-29 9:00,21.54,Treatment3,,,,,,
2015-09-29 10:00,21.43,Treatment3,,,,,,
2015-09-29 11:00,22.24,Treatment3,,,,,,
2015-09-29 12:00,23.1,Treatment3,,,,,,
2015-09-29 13:00,23.36,Treatment3,,,,,,
2015-09-29 14:00,24.62,Treatment3,,,,,,
2015-09-29 15:00,25.6,Treatment3,,,,,,
2015-09-29 16:00,27.12,Treatment3,,,,,,
2015-09-29 17:00,25.35,Treatment3,,,,,,
2015-09-29 18:00,21.21,Treatment3,,,,,,
2015-09-29 19:00,20.97,Treatment3,,,,,,
2015-09-29 20:00,20.81,Treatment3,,,,,,
2015-09-29 21:00,20.74,Treatment3,,,,,,
2015-09-29 22:00,20.2,Treatment3,,,,,,
2015-09-29 23:00,19.09,Treatment3,,,,,,
2015-09-30 0:00,18.32,Treatment3,,,,,,
2015-09-30 1:00,18.64,Treatment3,,,,,,
2015-09-30 2:00,18.8,Treatment3,,,,,,
2015-09-30 3:00,18.9,Treatment3,,,,,,
2015-09-30 4:00,18.91,Treatment3,,,,,,
2015-09-30 5:00,18.54,Treatment3,,,,,,
2015-09-30 6:00,18.35,Treatment3,,,,,,
2015-09-30 7:00,17.59,Treatment3,,,,,,
2015-09-30 8:00,16.67,Treatment3,,,,,,
2015-09-30 9:00,16.12,Treatment3,,,,,,
2015-09-30 10:00,15.82,Treatment3,,,,,,
2015-09-30 11:00,15.46,Treatment3,,,,,,
2015-09-30 12:00,15.7,Treatment3,,,,,,
2015-09-30 13:00,15.13,Treatment3,,,,,,
2015-09-30 14:00,15.43,Treatment3,,,,,,
2015-09-30 15:00,16.3,Treatment3,,,,,,
2015-09-30 16:00,16.91,Treatment3,,,,,,
2015-09-30 17:00,16.79,Treatment3,,,,,,
2015-09-30 18:00,16.76,Treatment3,,,,,,
2015-09-30 19:00,16.89,Treatment3,,,,,,
2015-09-30 20:00,16.87,Treatment3,,,,,,
2015-09-30 21:00,16.58,Treatment3,,,,,,
2015-09-30 22:00,15.77,Treatment3,,,,,,
2015-09-30 23:00,15.39,Treatment3,,,,,,
2015-10-01 0:00,15.11,Treatment3,,,,,,
2015-10-01 1:00,14.36,Treatment3,,,,,,
2015-10-01 2:00,12.6,Treatment3,,,,,,
2015-10-01 3:00,11.13,Treatment3,,,,,,
2015-10-01 4:00,10.28,Treatment3,,,,,,
2015-10-01 5:00,9.79,Treatment3,,,,,,
2015-10-01 6:00,9.2,Treatment3,,,,,,
2015-10-01 7:00,8.71,Treatment3,,,,,,
2015-10-01 8:00,8.49,Treatment3,,,,,,
2015-10-01 9:00,8.37,Treatment3,,,,,,
2015-10-01 10:00,8.27,Treatment3,,,,,,
2015-10-01 11:00,8.95,Treatment3,,,,,,
2015-10-01 12:00,11.57,Treatment3,,,,,,
2015-10-01 13:00,14.79,Treatment3,,,,,,
2015-10-01 14:00,17.65,Treatment3,,,,,,
2015-10-01 15:00,19.6,Treatment3,,,,,,
2015-10-01 16:00,21.62,Treatment3,,,,,,
2015-10-01 17:00,22.17,Treatment3,,,,,,
2015-10-01 18:00,21.56,Treatment3,,,,,,
2015-10-01 19:00,20.28,Treatment3,,,,,,
2015-10-01 20:00,17.96,Treatment3,,,,,,
2015-10-01 21:00,15.77,Treatment3,,,,,,
2015-10-01 22:00,14.28,Treatment3,,,,,,
2015-10-01 23:00,13.59,Treatment3,,,,,,
2015-10-02 0:00,12.98,Treatment3,,,,,,
2015-10-02 1:00,12.45,Treatment3,,,,,,
2015-10-02 2:00,12.08,Treatment3,,,,,,
2015-10-02 3:00,11.56,Treatment3,,,,,,
2015-10-02 4:00,11.27,Treatment3,,,,,,
2015-10-02 5:00,10.79,Treatment3,,,,,,
2015-10-02 6:00,10.41,Treatment3,,,,,,
2015-10-02 7:00,9.96,Treatment3,,,,,,
2015-10-02 8:00,9.78,Treatment3,,,,,,
2015-10-02 9:00,9.36,Treatment3,,,,,,
2015-10-02 10:00,9.11,Treatment3,,,,,,
2015-10-02 11:00,9.65,Treatment3,,,,,,
2015-10-02 12:00,12.16,Treatment3,,,,,,
2015-10-02 13:00,15.51,Treatment3,,,,,,
2015-10-02 14:00,17.39,Treatment3,,,,,,
2015-10-02 15:00,18.88,Treatment3,,,,,,
2015-10-02 16:00,18.67,Treatment3,,,,,,
2015-10-02 17:00,19.56,Treatment3,,,,,,
2015-10-02 18:00,19.27,Treatment3,,,,,,
2015-10-02 19:00,17.86,Treatment3,,,,,,
2015-10-02 20:00,15.29,Treatment3,,,,,,
2015-10-02 21:00,14.01,Treatment3,,,,,,
2015-10-02 22:00,12.3,Treatment3,,,,,,
2015-10-02 23:00,11.84,Treatment3,,,,,,
2015-10-03 0:00,11.51,Treatment3,,,,,,
2015-10-03 1:00,10.63,Treatment3,,,,,,
2015-10-03 2:00,10.24,Treatment3,,,,,,
2015-10-03 3:00,10.19,Treatment3,,,,,,
2015-10-03 4:00,9.67,Treatment3,,,,,,
2015-10-03 5:00,9.32,Treatment3,,,,,,
2015-10-03 6:00,8.87,Treatment3,,,,,,
2015-10-03 7:00,8.4,Treatment3,,,,,,
2015-10-03 8:00,8.08,Treatment3,,,,,,
2015-10-03 9:00,7.92,Treatment3,,,,,,
2015-10-03 10:00,7.83,Treatment3,,,,,,
2015-10-03 11:00,8.7,Treatment3,,,,,,
2015-10-03 12:00,10.97,Treatment3,,,,,,
2015-10-03 13:00,13.46,Treatment3,,,,,,
2015-10-03 14:00,16.09,Treatment3,,,,,,
2015-10-03 15:00,17.65,Treatment3,,,,,,
2015-10-03 16:00,18.44,Treatment3,,,,,,
2015-10-03 17:00,19.07,Treatment3,,,,,,
2015-10-03 18:00,18.42,Treatment3,,,,,,
2015-10-03 19:00,17.27,Treatment3,,,,,,
2015-10-03 20:00,15.76,Treatment3,,,,,,
2015-10-03 21:00,12.91,Treatment3,,,,,,
2015-10-03 22:00,12.04,Treatment3,,,,,,
2015-10-03 23:00,11.48,Treatment3,,,,,,
2015-10-04 0:00,11.02,Treatment3,,,,,,
2015-10-04 1:00,10.78,Treatment3,,,,,,
2015-10-04 2:00,10.43,Treatment3,,,,,,
2015-10-04 3:00,10.07,Treatment3,,,,,,
2015-10-04 4:00,9.79,Treatment3,,,,,,
2015-10-04 5:00,9.42,Treatment3,,,,,,
2015-10-04 6:00,9.13,Treatment3,,,,,,
2015-10-04 7:00,8.66,Treatment3,,,,,,
2015-10-04 8:00,8.29,Treatment3,,,,,,
2015-10-04 9:00,7.7,Treatment3,,,,,,
2015-10-04 10:00,7.43,Treatment3,,,,,,
2015-10-04 11:00,8.3,Treatment3,,,,,,
2015-10-04 12:00,10.73,Treatment3,,,,,,
2015-10-04 13:00,12.71,Treatment3,,,,,,
2015-10-04 14:00,15.12,Treatment3,,,,,,
2015-10-04 15:00,16.72,Treatment3,,,,,,
2015-10-04 16:00,17.65,Treatment3,,,,,,
2015-10-04 17:00,17.91,Treatment3,,,,,,
2015-10-04 18:00,18.06,Treatment3,,,,,,
2015-10-04 19:00,17.25,Treatment3,,,,,,
2015-10-04 20:00,16.44,Treatment3,,,,,,
2015-10-04 21:00,13.96,Treatment3,,,,,,
2015-10-04 22:00,11.5,Treatment3,,,,,,
2015-10-04 23:00,10.62,Treatment3,,,,,,
2015-10-05 0:00,10.27,Treatment3,,,,,,
2015-10-05 1:00,10.15,Treatment3,,,,,,
2015-10-05 2:00,9.88,Treatment3,,,,,,
2015-10-05 3:00,9.66,Treatment3,,,,,,
2015-10-05 4:00,9.42,Treatment3,,,,,,
2015-10-05 5:00,9.17,Treatment3,,,,,,
2015-10-05 6:00,8.97,Treatment3,,,,,,
2015-10-05 7:00,8.66,Treatment3,,,,,,
2015-10-05 8:00,8.52,Treatment3,,,,,,
2015-10-05 9:00,8.32,Treatment3,,,,,,
2015-10-05 10:00,8.23,Treatment3,,,,,,
2015-10-05 11:00,9.4,Treatment3,,,,,,
2015-10-05 12:00,12.86,Treatment3,,,,,,
2015-10-05 13:00,15.51,Treatment3,,,,,,
2015-10-05 14:00,17.03,Treatment3,,,,,,
2015-10-05 15:00,18.45,Treatment3,,,,,,
2015-10-05 16:00,20.19,Treatment3,,,,,,
2015-10-05 17:00,20.77,Treatment3,,,,,,
2015-10-05 18:00,20.47,Treatment3,,,,,,
2015-10-05 19:00,19.83,Treatment3,,,,,,
2015-10-05 20:00,18.75,Treatment3,,,,,,
2015-10-05 21:00,17.16,Treatment3,,,,,,
2015-10-05 22:00,15.3,Treatment3,,,,,,
2015-10-05 23:00,14.12,Treatment3,,,,,,
2015-10-06 0:00,13.29,Treatment3,,,,,,
2015-10-06 1:00,14.73,Treatment3,,,,,,
2015-10-06 2:00,15.27,Treatment3,,,,,,
2015-10-06 3:00,15.45,Treatment3,,,,,,
2015-10-06 4:00,15.5,Treatment3,,,,,,
2015-10-06 5:00,15.49,Treatment3,,,,,,
2015-10-06 6:00,15.39,Treatment3,,,,,,
2015-10-06 7:00,15.29,Treatment3,,,,,,
2015-10-06 8:00,15.17,Treatment3,,,,,,
2015-10-06 9:00,15.1,Treatment3,,,,,,
2015-10-06 10:00,15.12,Treatment3,,,,,,
2015-10-06 11:00,15.48,Treatment3,,,,,,
2015-10-06 12:00,16.14,Treatment3,,,,,,
2015-10-06 13:00,16.91,Treatment3,,,,,,
2015-10-06 14:00,18.23,Treatment3,,,,,,
2015-10-06 15:00,17.58,Treatment3,,,,,,
2015-10-06 16:00,18.41,Treatment3,,,,,,
2015-10-06 17:00,17.64,Treatment3,,,,,,
2015-10-06 18:00,17.8,Treatment3,,,,,,
2015-10-06 19:00,17.66,Treatment3,,,,,,
2015-10-06 20:00,17.03,Treatment3,,,,,,
2015-10-06 21:00,16.27,Treatment3,,,,,,
2015-10-06 22:00,15.8,Treatment3,,,,,,
2015-10-06 23:00,15.72,Treatment3,,,,,,
2015-10-07 0:00,14.95,Treatment3,,,,,,
2015-10-07 1:00,14.6,Treatment3,,,,,,
2015-10-07 2:00,13.62,Treatment3,,,,,,
2015-10-07 3:00,13.71,Treatment3,,,,,,
2015-10-07 4:00,14.78,Treatment3,,,,,,
2015-10-07 5:00,14.9,Treatment3,,,,,,
2015-10-07 6:00,14.94,Treatment3,,,,,,
2015-10-07 7:00,15.17,Treatment3,,,,,,
2015-10-07 8:00,15.41,Treatment3,,,,,,
2015-10-07 9:00,15.47,Treatment3,,,,,,
2015-10-07 10:00,15.4,Treatment3,,,,,,
2015-10-07 11:00,15.7,Treatment3,,,,,,
2015-10-07 12:00,16.29,Treatment3,,,,,,
2015-10-07 13:00,16.12,Treatment3,,,,,,
2015-10-07 14:00,21.49,Treatment3,,,,,,
2015-10-07 15:00,21.81,Treatment3,,,,,,
2015-10-07 16:00,21.7,Treatment3,,,,,,
2015-10-07 17:00,21.92,Treatment3,,,,,,
2015-10-07 18:00,21.92,Treatment3,,,,,,
2015-10-07 19:00,20.76,Treatment3,,,,,,
2015-10-07 20:00,17.76,Treatment3,,,,,,
2015-10-07 21:00,15.58,Treatment3,,,,,,
2015-10-07 22:00,14.53,Treatment3,,,,,,
2015-10-07 23:00,13.47,Treatment3,,,,,,
2015-10-08 0:00,12.57,Treatment3,,,,,,
2015-10-08 1:00,11.8,Treatment3,,,,,,
2015-10-08 2:00,10.46,Treatment3,,,,,,
2015-10-08 3:00,9.64,Treatment3,,,,,,
2015-10-08 4:00,9.17,Treatment3,,,,,,
2015-10-08 5:00,8.68,Treatment3,,,,,,
2015-10-08 6:00,8.34,Treatment3,,,,,,
2015-10-08 7:00,8.59,Treatment3,,,,,,
2015-10-08 8:00,8.02,Treatment3,,,,,,
2015-10-08 9:00,7.37,Treatment3,,,,,,
2015-10-08 10:00,6.91,Treatment3,,,,,,
2015-10-08 11:00,7.54,Treatment3,,,,,,
2015-10-08 12:00,10.09,Treatment3,,,,,,
2015-10-08 13:00,13,Treatment3,,,,,,
2015-10-08 14:00,16.15,Treatment3,,,,,,
2015-10-08 15:00,17.02,Treatment3,,,,,,
2015-10-08 16:00,18.8,Treatment3,,,,,,
2015-10-08 17:00,18.96,Treatment3,,,,,,
2015-10-08 18:00,18.22,Treatment3,,,,,,
2015-10-08 19:00,,Treatment3,,,,,,
2015-10-08 20:00,,Treatment3,,,,,,
2015-10-08 21:00,,Treatment3,,,,,,
2015-10-08 22:00,,Treatment3,,,,,,
2015-10-08 23:00,,Treatment3,,,,,,
2015-10-09 0:00,10.64,Treatment3,,,,,,
2015-10-09 1:00,11.29,Treatment3,,,,,,
2015-10-09 2:00,11.48,Treatment3,,,,,,
2015-10-09 3:00,11.97,Treatment3,,,,,,
2015-10-09 3:59,12.12,Treatment3,,,,,,
2015-10-09 4:59,11.48,Treatment3,,,,,,
2015-10-09 5:59,12.12,Treatment3,,,,,,
2015-10-09 6:59,11.83,Treatment3,,,,,,
2015-10-09 7:59,10.98,Treatment3,,,,,,
2015-09-23 0:00,19,Control1,,,,,,
2015-09-23 1:00,17.89,Control1,,,,,,
2015-09-23 2:00,17.15,Control1,,,,,,
2015-09-23 3:00,16.7,Control1,,,,,,
2015-09-23 4:00,17.3,Control1,,,,,,
2015-09-23 5:00,17.83,Control1,,,,,,
2015-09-23 6:00,17.82,Control1,,,,,,
2015-09-23 7:00,17.61,Control1,,,,,,
2015-09-23 8:00,17.36,Control1,,,,,,
2015-09-23 9:00,17.02,Control1,,,,,,
2015-09-23 10:00,17.13,Control1,,,,,,
2015-09-23 11:00,17.7,Control1,,,,,,
2015-09-23 12:00,19.01,Control1,,,,,,
2015-09-23 13:00,23.23,Control1,,,,,,
2015-09-23 14:00,27.11,Control1,,,,,,
2015-09-23 15:00,30.32,Control1,,,,,,
2015-09-23 16:00,32.7,Control1,,,,,,
2015-09-23 17:00,33.7,Control1,,,,,,
2015-09-23 18:00,34.08,Control1,,,,,,
2015-09-23 19:00,33.6,Control1,,,,,,
2015-09-23 20:00,31.95,Control1,,,,,,
2015-09-23 21:00,29.04,Control1,,,,,,
2015-09-23 22:00,25.61,Control1,,,,,,
2015-09-23 23:00,23.77,Control1,,,,,,
2015-09-24 0:00,22.64,Control1,,,,,,
2015-09-24 1:00,21.67,Control1,,,,,,
2015-09-24 2:00,20.37,Control1,,,,,,
2015-09-24 3:00,19.48,Control1,,,,,,
2015-09-24 4:00,19.11,Control1,,,,,,
2015-09-24 5:00,,Control1,,,,,,
2015-09-24 6:00,,Control1,,,,,,
2015-09-24 7:00,,Control1,,,,,,
2015-09-24 8:00,,Control1,,,,,,
2015-09-24 9:00,,Control1,,,,,,
2015-09-24 10:00,24.09,Control1,,,,,,
2015-09-24 11:00,23.87,Control1,,,,,,
2015-09-24 12:00,24.46,Control1,,,,,,
2015-09-24 13:00,25.42,Control1,,,,,,
2015-09-24 14:00,26.14,Control1,,,,,,
2015-09-24 15:00,29.32,Control1,,,,,,
2015-09-24 16:00,32.41,Control1,,,,,,
2015-09-24 17:00,33.86,Control1,,,,,,
2015-09-24 18:00,33.71,Control1,,,,,,
2015-09-24 19:00,32.67,Control1,,,,,,
2015-09-24 20:00,30.29,Control1,,,,,,
2015-09-24 21:00,26.17,Control1,,,,,,
2015-09-24 22:00,21.39,Control1,,,,,,
2015-09-24 23:00,19.15,Control1,,,,,,
2015-09-25 0:00,18.38,Control1,,,,,,
2015-09-25 1:00,18.17,Control1,,,,,,
2015-09-25 2:00,17.65,Control1,,,,,,
2015-09-25 3:00,17.53,Control1,,,,,,
2015-09-25 4:00,16.82,Control1,,,,,,
2015-09-25 5:00,16.66,Control1,,,,,,
2015-09-25 6:00,16.18,Control1,,,,,,
2015-09-25 7:00,16.45,Control1,,,,,,
2015-09-25 8:00,16.57,Control1,,,,,,
2015-09-25 9:00,16.46,Control1,,,,,,
2015-09-25 10:00,16.77,Control1,,,,,,
2015-09-25 11:00,17.67,Control1,,,,,,
2015-09-25 12:00,18.7,Control1,,,,,,
2015-09-25 13:00,19.79,Control1,,,,,,
2015-09-25 14:00,21.84,Control1,,,,,,
2015-09-25 15:00,22.86,Control1,,,,,,
2015-09-25 16:00,21.7,Control1,,,,,,
2015-09-25 17:00,22.44,Control1,,,,,,
2015-09-25 18:00,24.7,Control1,,,,,,
2015-09-25 19:00,26.18,Control1,,,,,,
2015-09-25 20:00,25.2,Control1,,,,,,
2015-09-25 21:00,22.22,Control1,,,,,,
2015-09-25 22:00,18.05,Control1,,,,,,
2015-09-25 23:00,16.07,Control1,,,,,,
2015-09-26 0:00,15.28,Control1,,,,,,
2015-09-26 1:00,14.85,Control1,,,,,,
2015-09-26 2:00,14.4,Control1,,,,,,
2015-09-26 3:00,14,Control1,,,,,,
2015-09-26 4:00,13.67,Control1,,,,,,
2015-09-26 5:00,13.31,Control1,,,,,,
2015-09-26 6:00,13.15,Control1,,,,,,
2015-09-26 7:00,12.86,Control1,,,,,,
2015-09-26 8:00,12.49,Control1,,,,,,
2015-09-26 9:00,12.09,Control1,,,,,,
2015-09-26 10:00,11.85,Control1,,,,,,
2015-09-26 11:00,12.58,Control1,,,,,,
2015-09-26 12:00,14.33,Control1,,,,,,
2015-09-26 13:00,19.5,Control1,,,,,,
2015-09-26 14:00,23.26,Control1,,,,,,
2015-09-26 15:00,25.27,Control1,,,,,,
2015-09-26 16:00,27.12,Control1,,,,,,
2015-09-26 17:00,28.8,Control1,,,,,,
2015-09-26 18:00,29.99,Control1,,,,,,
2015-09-26 19:00,28.46,Control1,,,,,,
2015-09-26 20:00,26.91,Control1,,,,,,
2015-09-26 21:00,23.33,Control1,,,,,,
2015-09-26 22:00,19.06,Control1,,,,,,
2015-09-26 23:00,16.6,Control1,,,,,,
2015-09-27 0:00,15.36,Control1,,,,,,
2015-09-27 1:00,14.62,Control1,,,,,,
2015-09-27 2:00,14.28,Control1,,,,,,
2015-09-27 3:00,13.95,Control1,,,,,,
2015-09-27 4:00,13.66,Control1,,,,,,
2015-09-27 5:00,13.69,Control1,,,,,,
2015-09-27 6:00,13.63,Control1,,,,,,
2015-09-27 7:00,13.45,Control1,,,,,,
2015-09-27 8:00,13.3,Control1,,,,,,
2015-09-27 9:00,13.09,Control1,,,,,,
2015-09-27 10:00,13.1,Control1,,,,,,
2015-09-27 11:00,14.34,Control1,,,,,,
2015-09-27 12:00,16.77,Control1,,,,,,
2015-09-27 13:00,21.17,Control1,,,,,,
2015-09-27 14:00,24.92,Control1,,,,,,
2015-09-27 15:00,27.95,Control1,,,,,,
2015-09-27 16:00,29.87,Control1,,,,,,
2015-09-27 17:00,31.17,Control1,,,,,,
2015-09-27 18:00,31.71,Control1,,,,,,
2015-09-27 19:00,31.44,Control1,,,,,,
2015-09-27 20:00,29.82,Control1,,,,,,
2015-09-27 21:00,27.16,Control1,,,,,,
2015-09-27 22:00,23.58,Control1,,,,,,
2015-09-27 23:00,21.29,Control1,,,,,,
2015-09-28 0:00,20.11,Control1,,,,,,
2015-09-28 1:00,18.78,Control1,,,,,,
2015-09-28 2:00,18.43,Control1,,,,,,
2015-09-28 3:00,17.33,Control1,,,,,,
2015-09-28 4:00,17.19,Control1,,,,,,
2015-09-28 5:00,18.53,Control1,,,,,,
2015-09-28 6:00,19.52,Control1,,,,,,
2015-09-28 7:00,19.76,Control1,,,,,,
2015-09-28 8:00,19.39,Control1,,,,,,
2015-09-28 9:00,20.07,Control1,,,,,,
2015-09-28 10:00,20.74,Control1,,,,,,
2015-09-28 11:00,21.27,Control1,,,,,,
2015-09-28 12:00,21.68,Control1,,,,,,
2015-09-28 13:00,23.02,Control1,,,,,,
2015-09-28 14:00,24.06,Control1,,,,,,
2015-09-28 15:00,25.73,Control1,,,,,,
2015-09-28 16:00,26.07,Control1,,,,,,
2015-09-28 17:00,26.06,Control1,,,,,,
2015-09-28 18:00,25.51,Control1,,,,,,
2015-09-28 19:00,24.55,Control1,,,,,,
2015-09-28 20:00,24.36,Control1,,,,,,
2015-09-28 21:00,24.23,Control1,,,,,,
2015-09-28 22:00,23.69,Control1,,,,,,
2015-09-28 23:00,23.48,Control1,,,,,,
2015-09-29 0:00,23.51,Control1,,,,,,
2015-09-29 1:00,23.72,Control1,,,,,,
2015-09-29 2:00,23.65,Control1,,,,,,
2015-09-29 3:00,23.28,Control1,,,,,,
2015-09-29 4:00,23.43,Control1,,,,,,
2015-09-29 5:00,23.72,Control1,,,,,,
2015-09-29 6:00,23.84,Control1,,,,,,
2015-09-29 7:00,23.91,Control1,,,,,,
2015-09-29 8:00,23.96,Control1,,,,,,
2015-09-29 9:00,24,Control1,,,,,,
2015-09-29 10:00,,Control1,,,,,,
2015-09-29 11:00,,Control1,,,,,,
2015-09-29 12:00,,Control1,,,,,,
2015-09-29 13:00,,Control1,,,,,,
2015-09-29 14:00,,Control1,,,,,,
2015-09-29 15:00,,Control1,,,,,,
2015-09-29 16:00,,Control1,,,,,,
2015-09-29 17:00,,Control1,,,,,,
2015-09-29 18:00,,Control1,,,,,,
2015-09-29 19:00,,Control1,,,,,,
2015-09-29 20:00,,Control1,,,,,,
2015-09-29 21:00,,Control1,,,,,,
2015-09-29 22:00,,Control1,,,,,,
2015-09-29 23:00,,Control1,,,,,,
2015-09-30 0:00,,Control1,,,,,,
2015-09-30 1:00,,Control1,,,,,,
2015-09-30 2:00,,Control1,,,,,,
2015-09-30 3:00,,Control1,,,,,,
2015-09-30 4:00,,Control1,,,,,,
2015-09-30 5:00,,Control1,,,,,,
2015-09-30 6:00,,Control1,,,,,,
2015-09-30 7:00,,Control1,,,,,,
2015-09-30 8:00,,Control1,,,,,,
2015-09-30 9:00,,Control1,,,,,,
2015-09-30 10:00,,Control1,,,,,,
2015-09-30 11:00,,Control1,,,,,,
2015-09-30 12:00,,Control1,,,,,,
2015-09-30 13:00,,Control1,,,,,,
2015-09-30 14:00,,Control1,,,,,,
2015-09-30 15:00,,Control1,,,,,,
2015-09-30 16:00,16.27,Control1,,,,,,
2015-09-30 17:00,16.79,Control1,,,,,,
2015-09-30 18:00,15.32,Control1,,,,,,
2015-09-30 19:00,14.16,Control1,,,,,,
2015-09-30 20:00,13.51,Control1,,,,,,
2015-09-30 21:00,13.15,Control1,,,,,,
2015-09-30 22:00,12.16,Control1,,,,,,
2015-09-30 23:00,9.92,Control1,,,,,,
2015-10-01 0:00,8.3,Control1,,,,,,
2015-10-01 1:00,7.31,Control1,,,,,,
2015-10-01 2:00,6.66,Control1,,,,,,
2015-10-01 3:00,6.01,Control1,,,,,,
2015-10-01 4:00,5.73,Control1,,,,,,
2015-10-01 5:00,5.52,Control1,,,,,,
2015-10-01 6:00,5.55,Control1,,,,,,
2015-10-01 7:00,5.58,Control1,,,,,,
2015-10-01 8:00,6.6,Control1,,,,,,
2015-10-01 9:00,9.33,Control1,,,,,,
2015-10-01 10:00,13.83,Control1,,,,,,
2015-10-01 11:00,19.2,Control1,,,,,,
2015-10-01 12:00,22.82,Control1,,,,,,
2015-10-01 13:00,25.31,Control1,,,,,,
2015-10-01 14:00,25.13,Control1,,,,,,
2015-10-01 15:00,23.99,Control1,,,,,,
2015-10-01 16:00,22.05,Control1,,,,,,
2015-10-01 17:00,18.76,Control1,,,,,,
2015-10-01 18:00,14.56,Control1,,,,,,
2015-10-01 19:00,12.32,Control1,,,,,,
2015-10-01 20:00,11.29,Control1,,,,,,
2015-10-01 21:00,10.51,Control1,,,,,,
2015-10-01 22:00,9.85,Control1,,,,,,
2015-10-01 23:00,9.22,Control1,,,,,,
2015-10-02 0:00,8.73,Control1,,,,,,
2015-10-02 1:00,8.19,Control1,,,,,,
2015-10-02 2:00,7.59,Control1,,,,,,
2015-10-02 3:00,7.15,Control1,,,,,,
2015-10-02 4:00,6.74,Control1,,,,,,
2015-10-02 5:00,6.44,Control1,,,,,,
2015-10-02 6:00,5.85,Control1,,,,,,
2015-10-02 7:00,5.63,Control1,,,,,,
2015-10-02 8:00,6.57,Control1,,,,,,
2015-10-02 9:00,9.61,Control1,,,,,,
2015-10-02 10:00,14.07,Control1,,,,,,
2015-10-02 11:00,18.09,Control1,,,,,,
2015-10-02 12:00,20.67,Control1,,,,,,
2015-10-02 13:00,19.77,Control1,,,,,,
2015-10-02 14:00,21.6,Control1,,,,,,
2015-10-02 15:00,20.94,Control1,,,,,,
2015-10-02 16:00,18.34,Control1,,,,,,
2015-10-02 17:00,14.93,Control1,,,,,,
2015-10-02 18:00,12.88,Control1,,,,,,
2015-10-02 19:00,10.87,Control1,,,,,,
2015-10-02 20:00,10.08,Control1,,,,,,
2015-10-02 21:00,9.24,Control1,,,,,,
2015-10-02 22:00,8.37,Control1,,,,,,
2015-10-02 23:00,7.95,Control1,,,,,,
2015-10-03 0:00,7.69,Control1,,,,,,
2015-10-03 1:00,7.09,Control1,,,,,,
2015-10-03 2:00,6.53,Control1,,,,,,
2015-10-03 3:00,6.03,Control1,,,,,,
2015-10-03 4:00,5.53,Control1,,,,,,
2015-10-03 5:00,5.22,Control1,,,,,,
2015-10-03 6:00,5.06,Control1,,,,,,
2015-10-03 7:00,5.2,Control1,,,,,,
2015-10-03 8:00,6.02,Control1,,,,,,
2015-10-03 9:00,8.99,Control1,,,,,,
2015-10-03 10:00,12.11,Control1,,,,,,
2015-10-03 11:00,16.35,Control1,,,,,,
2015-10-03 12:00,18.98,Control1,,,,,,
2015-10-03 13:00,19.65,Control1,,,,,,
2015-10-03 14:00,20.83,Control1,,,,,,
2015-10-03 15:00,19.38,Control1,,,,,,
2015-10-03 16:00,19.05,Control1,,,,,,
2015-10-03 17:00,16.97,Control1,,,,,,
2015-10-03 18:00,13.67,Control1,,,,,,
2015-10-03 19:00,12.05,Control1,,,,,,
2015-10-03 20:00,11.03,Control1,,,,,,
2015-10-03 21:00,10.24,Control1,,,,,,
2015-10-03 22:00,9.74,Control1,,,,,,
2015-10-03 23:00,9.23,Control1,,,,,,
2015-10-04 0:00,8.89,Control1,,,,,,
2015-10-04 1:00,8.26,Control1,,,,,,
2015-10-04 2:00,7.8,Control1,,,,,,
2015-10-04 3:00,7.16,Control1,,,,,,
2015-10-04 4:00,6.61,Control1,,,,,,
2015-10-04 5:00,5.95,Control1,,,,,,
2015-10-04 6:00,5.37,Control1,,,,,,
2015-10-04 7:00,5.2,Control1,,,,,,
2015-10-04 8:00,6.65,Control1,,,,,,
2015-10-04 9:00,9.19,Control1,,,,,,
2015-10-04 10:00,11.91,Control1,,,,,,
2015-10-04 11:00,16.22,Control1,,,,,,
2015-10-04 12:00,18.32,Control1,,,,,,
2015-10-04 13:00,19.33,Control1,,,,,,
2015-10-04 14:00,20.03,Control1,,,,,,
2015-10-04 15:00,20.26,Control1,,,,,,
2015-10-04 16:00,19.62,Control1,,,,,,
2015-10-04 17:00,18.46,Control1,,,,,,
2015-10-04 18:00,14.53,Control1,,,,,,
2015-10-04 19:00,11.83,Control1,,,,,,
2015-10-04 20:00,10.63,Control1,,,,,,
2015-10-04 21:00,9.8,Control1,,,,,,
2015-10-04 22:00,9.27,Control1,,,,,,
2015-10-04 23:00,8.76,Control1,,,,,,
2015-10-05 0:00,8.25,Control1,,,,,,
2015-10-05 1:00,7.87,Control1,,,,,,
2015-10-05 2:00,7.59,Control1,,,,,,
2015-10-05 3:00,7.27,Control1,,,,,,
2015-10-05 4:00,6.92,Control1,,,,,,
2015-10-05 5:00,6.65,Control1,,,,,,
2015-10-05 6:00,6.46,Control1,,,,,,
2015-10-05 7:00,6.61,Control1,,,,,,
2015-10-05 8:00,8.42,Control1,,,,,,
2015-10-05 9:00,12.59,Control1,,,,,,
2015-10-05 10:00,14.72,Control1,,,,,,
2015-10-05 11:00,16.5,Control1,,,,,,
2015-10-05 12:00,18.39,Control1,,,,,,
2015-10-05 13:00,19.86,Control1,,,,,,
2015-10-05 14:00,21.04,Control1,,,,,,
2015-10-05 15:00,20.95,Control1,,,,,,
2015-10-05 16:00,20.13,Control1,,,,,,
2015-10-05 17:00,18.49,Control1,,,,,,
2015-10-05 18:00,16.28,Control1,,,,,,
2015-10-05 19:00,14.7,Control1,,,,,,
2015-10-05 20:00,13.24,Control1,,,,,,
2015-10-05 21:00,13.05,Control1,,,,,,
2015-10-05 22:00,14.29,Control1,,,,,,
2015-10-05 23:00,14.59,Control1,,,,,,
2015-10-06 0:00,14.71,Control1,,,,,,
2015-10-06 1:00,14.66,Control1,,,,,,
2015-10-06 2:00,14.6,Control1,,,,,,
2015-10-06 3:00,14.48,Control1,,,,,,
2015-10-06 4:00,14.32,Control1,,,,,,
2015-10-06 5:00,14.1,Control1,,,,,,
2015-10-06 6:00,13.96,Control1,,,,,,
2015-10-06 7:00,13.94,Control1,,,,,,
2015-10-06 8:00,14.49,Control1,,,,,,
2015-10-06 9:00,15.24,Control1,,,,,,
2015-10-06 10:00,16.61,Control1,,,,,,
2015-10-06 11:00,17.71,Control1,,,,,,
2015-10-06 12:00,17.05,Control1,,,,,,
2015-10-06 13:00,18.46,Control1,,,,,,
2015-10-06 14:00,17.3,Control1,,,,,,
2015-10-06 15:00,17.42,Control1,,,,,,
2015-10-06 16:00,17.24,Control1,,,,,,
2015-10-06 17:00,16.33,Control1,,,,,,
2015-10-06 18:00,15.51,Control1,,,,,,
2015-10-06 19:00,15.1,Control1,,,,,,
2015-10-06 20:00,14.94,Control1,,,,,,
2015-10-06 21:00,13.86,Control1,,,,,,
2015-10-06 22:00,13.57,Control1,,,,,,
2015-10-06 23:00,12.11,Control1,,,,,,
2015-10-07 0:00,12.76,Control1,,,,,,
2015-10-07 1:00,13.69,Control1,,,,,,
2015-10-07 2:00,13.48,Control1,,,,,,
2015-10-07 3:00,13.52,Control1,,,,,,
2015-10-07 4:00,13.84,Control1,,,,,,
2015-10-07 5:00,13.98,Control1,,,,,,
2015-10-07 6:00,14,Control1,,,,,,
2015-10-07 7:00,14.05,Control1,,,,,,
2015-10-07 8:00,14.51,Control1,,,,,,
2015-10-07 9:00,15.04,Control1,,,,,,
2015-10-07 10:00,14.93,Control1,,,,,,
2015-10-07 11:00,17.03,Control1,,,,,,
2015-10-07 12:00,18.82,Control1,,,,,,
2015-10-07 13:00,21.76,Control1,,,,,,
2015-10-07 14:00,22.57,Control1,,,,,,
2015-10-07 15:00,22.64,Control1,,,,,,
2015-10-07 16:00,20.45,Control1,,,,,,
2015-10-07 17:00,17.72,Control1,,,,,,
2015-10-07 18:00,14.82,Control1,,,,,,
2015-10-07 19:00,13.58,Control1,,,,,,
2015-10-07 20:00,12.12,Control1,,,,,,
2015-10-07 21:00,10.97,Control1,,,,,,
2015-10-07 22:00,9.79,Control1,,,,,,
2015-10-07 23:00,8.49,Control1,,,,,,
2015-10-08 0:00,7.51,Control1,,,,,,
2015-10-08 1:00,6.82,Control1,,,,,,
2015-10-08 2:00,6.26,Control1,,,,,,
2015-10-08 3:00,5.87,Control1,,,,,,
2015-10-08 4:00,5.59,Control1,,,,,,
2015-10-08 5:00,5.14,Control1,,,,,,
2015-10-08 6:00,NA,Control1,,,,,,
2015-10-08 7:00,NA,Control1,,,,,,
2015-10-08 8:00,5.56,Control1,,,,,,
2015-10-08 9:00,8.56,Control1,,,,,,
2015-10-08 10:00,12.06,Control1,,,,,,
2015-10-08 11:00,16.6,Control1,,,,,,
2015-10-08 12:00,17.45,Control1,,,,,,
2015-10-08 13:00,19.55,Control1,,,,,,
2015-10-08 14:00,20.26,Control1,,,,,,
2015-10-08 15:00,19.15,Control1,,,,,,
2015-10-08 16:00,17.85,Control1,,,,,,
2015-10-08 17:00,14.87,Control1,,,,,,
2015-10-08 18:00,10.8,Control1,,,,,,
2015-10-08 19:00,,Control1,,,,,,
2015-10-08 20:00,,Control1,,,,,,
2015-10-08 21:00,,Control1,,,,,,
2015-10-08 22:00,,Control1,,,,,,
2015-10-08 23:00,,Control1,,,,,,
2015-10-09 0:00,11,Control1,,,,,,
2015-10-09 1:00,10.97,Control1,,,,,,
2015-10-09 2:00,10.54,Control1,,,,,,
2015-10-09 3:00,10.79,Control1,,,,,,
2015-10-09 3:59,10.04,Control1,,,,,,
2015-10-09 4:59,9.16,Control1,,,,,,
2015-10-09 5:59,8.86,Control1,,,,,,
2015-10-09 6:59,8.59,Control1,,,,,,
2015-10-09 7:59,8.65,Control1,,,,,,
2015-09-23 0:00,16.74,Control2,,,,,,
2015-09-23 1:00,17.26,Control2,,,,,,
2015-09-23 2:00,17.55,Control2,,,,,,
2015-09-23 3:00,17.46,Control2,,,,,,
2015-09-23 4:00,17.4,Control2,,,,,,
2015-09-23 5:00,17.08,Control2,,,,,,
2015-09-23 6:00,16.77,Control2,,,,,,
2015-09-23 7:00,17.07,Control2,,,,,,
2015-09-23 8:00,17.8,Control2,,,,,,
2015-09-23 9:00,19.51,Control2,,,,,,
2015-09-23 10:00,24.75,Control2,,,,,,
2015-09-23 11:00,29.15,Control2,,,,,,
2015-09-23 12:00,32.42,Control2,,,,,,
2015-09-23 13:00,34.53,Control2,,,,,,
2015-09-23 14:00,34.98,Control2,,,,,,
2015-09-23 15:00,35.1,Control2,,,,,,
2015-09-23 16:00,34.03,Control2,,,,,,
2015-09-23 17:00,31.77,Control2,,,,,,
2015-09-23 18:00,28.19,Control2,,,,,,
2015-09-23 19:00,25.16,Control2,,,,,,
2015-09-23 20:00,23.7,Control2,,,,,,
2015-09-23 21:00,22.72,Control2,,,,,,
2015-09-23 22:00,21.6,Control2,,,,,,
2015-09-23 23:00,20.45,Control2,,,,,,
2015-09-24 0:00,19.59,Control2,,,,,,
2015-09-24 1:00,19.02,Control2,,,,,,
2015-09-24 2:00,18.73,Control2,,,,,,
2015-09-24 3:00,18.06,Control2,,,,,,
2015-09-24 4:00,17.91,Control2,,,,,,
2015-09-24 5:00,,Control2,,,,,,
2015-09-24 6:00,,Control2,,,,,,
2015-09-24 7:00,,Control2,,,,,,
2015-09-24 8:00,,Control2,,,,,,
2015-09-24 9:00,,Control2,,,,,,
2015-09-24 10:00,25.02,Control2,,,,,,
2015-09-24 11:00,28.24,Control2,,,,,,
2015-09-24 12:00,31.52,Control2,,,,,,
2015-09-24 13:00,33.77,Control2,,,,,,
2015-09-24 14:00,34.51,Control2,,,,,,
2015-09-24 15:00,34.02,Control2,,,,,,
2015-09-24 16:00,32.22,Control2,,,,,,
2015-09-24 17:00,29.41,Control2,,,,,,
2015-09-24 18:00,25.06,Control2,,,,,,
2015-09-24 19:00,21.03,Control2,,,,,,
2015-09-24 20:00,19.63,Control2,,,,,,
2015-09-24 21:00,18.8,Control2,,,,,,
2015-09-24 22:00,18.64,Control2,,,,,,
2015-09-24 23:00,17.88,Control2,,,,,,
2015-09-25 0:00,17.63,Control2,,,,,,
2015-09-25 1:00,16.83,Control2,,,,,,
2015-09-25 2:00,16.56,Control2,,,,,,
2015-09-25 3:00,15.91,Control2,,,,,,
2015-09-25 4:00,16.23,Control2,,,,,,
2015-09-25 5:00,15.97,Control2,,,,,,
2015-09-25 6:00,15.64,Control2,,,,,,
2015-09-25 7:00,15.97,Control2,,,,,,
2015-09-25 8:00,17.04,Control2,,,,,,
2015-09-25 9:00,18.25,Control2,,,,,,
2015-09-25 10:00,19.63,Control2,,,,,,
2015-09-25 11:00,22.04,Control2,,,,,,
2015-09-25 12:00,22.59,Control2,,,,,,
2015-09-25 13:00,21.88,Control2,,,,,,
2015-09-25 14:00,22.92,Control2,,,,,,
2015-09-25 15:00,24.98,Control2,,,,,,
2015-09-25 16:00,26.14,Control2,,,,,,
2015-09-25 17:00,24.6,Control2,,,,,,
2015-09-25 18:00,21.1,Control2,,,,,,
2015-09-25 19:00,17.49,Control2,,,,,,
2015-09-25 20:00,15.83,Control2,,,,,,
2015-09-25 21:00,14.88,Control2,,,,,,
2015-09-25 22:00,14.18,Control2,,,,,,
2015-09-25 23:00,13.56,Control2,,,,,,
2015-09-26 0:00,13.09,Control2,,,,,,
2015-09-26 1:00,12.74,Control2,,,,,,
2015-09-26 2:00,12.33,Control2,,,,,,
2015-09-26 3:00,12.28,Control2,,,,,,
2015-09-26 4:00,11.86,Control2,,,,,,
2015-09-26 5:00,11.64,Control2,,,,,,
2015-09-26 6:00,11.02,Control2,,,,,,
2015-09-26 7:00,10.8,Control2,,,,,,
2015-09-26 8:00,11.54,Control2,,,,,,
2015-09-26 9:00,13.61,Control2,,,,,,
2015-09-26 10:00,19.87,Control2,,,,,,
2015-09-26 11:00,24.88,Control2,,,,,,
2015-09-26 12:00,27.41,Control2,,,,,,
2015-09-26 13:00,29.19,Control2,,,,,,
2015-09-26 14:00,30.71,Control2,,,,,,
2015-09-26 15:00,31.17,Control2,,,,,,
2015-09-26 16:00,29.24,Control2,,,,,,
2015-09-26 17:00,26.7,Control2,,,,,,
2015-09-26 18:00,22.79,Control2,,,,,,
2015-09-26 19:00,19.06,Control2,,,,,,
2015-09-26 20:00,16.99,Control2,,,,,,
2015-09-26 21:00,15.68,Control2,,,,,,
2015-09-26 22:00,14.91,Control2,,,,,,
2015-09-26 23:00,14.3,Control2,,,,,,
2015-09-27 0:00,13.65,Control2,,,,,,
2015-09-27 1:00,13.17,Control2,,,,,,
2015-09-27 2:00,13.17,Control2,,,,,,
2015-09-27 3:00,12.9,Control2,,,,,,
2015-09-27 4:00,12.56,Control2,,,,,,
2015-09-27 5:00,12.29,Control2,,,,,,
2015-09-27 6:00,11.96,Control2,,,,,,
2015-09-27 7:00,12.08,Control2,,,,,,
2015-09-27 8:00,13.49,Control2,,,,,,
2015-09-27 9:00,16.31,Control2,,,,,,
2015-09-27 10:00,22.06,Control2,,,,,,
2015-09-27 11:00,26.84,Control2,,,,,,
2015-09-27 12:00,30.13,Control2,,,,,,
2015-09-27 13:00,31.82,Control2,,,,,,
2015-09-27 14:00,32.58,Control2,,,,,,
2015-09-27 15:00,32.69,Control2,,,,,,
2015-09-27 16:00,31.79,Control2,,,,,,
2015-09-27 17:00,29.9,Control2,,,,,,
2015-09-27 18:00,26.52,Control2,,,,,,
2015-09-27 19:00,23.4,Control2,,,,,,
2015-09-27 20:00,21.53,Control2,,,,,,
2015-09-27 21:00,20.31,Control2,,,,,,
2015-09-27 22:00,19.24,Control2,,,,,,
2015-09-27 23:00,18.64,Control2,,,,,,
2015-09-28 0:00,17.55,Control2,,,,,,
2015-09-28 1:00,17.53,Control2,,,,,,
2015-09-28 2:00,18.77,Control2,,,,,,
2015-09-28 3:00,19.62,Control2,,,,,,
2015-09-28 4:00,19.54,Control2,,,,,,
2015-09-28 5:00,19.21,Control2,,,,,,
2015-09-28 6:00,19.89,Control2,,,,,,
2015-09-28 7:00,20.63,Control2,,,,,,
2015-09-28 8:00,21.3,Control2,,,,,,
2015-09-28 9:00,22.01,Control2,,,,,,
2015-09-28 10:00,23.39,Control2,,,,,,
2015-09-28 11:00,24.45,Control2,,,,,,
2015-09-28 12:00,26.26,Control2,,,,,,
2015-09-28 13:00,26.36,Control2,,,,,,
2015-09-28 14:00,26.35,Control2,,,,,,
2015-09-28 15:00,25.7,Control2,,,,,,
2015-09-28 16:00,25.1,Control2,,,,,,
2015-09-28 17:00,24.95,Control2,,,,,,
2015-09-28 18:00,24.57,Control2,,,,,,
2015-09-28 19:00,24.29,Control2,,,,,,
2015-09-28 20:00,24.01,Control2,,,,,,
2015-09-28 21:00,24.03,Control2,,,,,,
2015-09-28 22:00,24.23,Control2,,,,,,
2015-09-28 23:00,24.07,Control2,,,,,,
2015-09-29 0:00,23.67,Control2,,,,,,
2015-09-29 1:00,23.77,Control2,,,,,,
2015-09-29 2:00,24.2,Control2,,,,,,
2015-09-29 3:00,24.31,Control2,,,,,,
2015-09-29 4:00,24.32,Control2,,,,,,
2015-09-29 5:00,24.4,Control2,,,,,,
2015-09-29 6:00,24.47,Control2,,,,,,
2015-09-29 7:00,24.34,Control2,,,,,,
2015-09-29 8:00,24.93,Control2,,,,,,
2015-09-29 9:00,25.65,Control2,,,,,,
2015-09-29 10:00,25.94,Control2,,,,,,
2015-09-29 11:00,27.01,Control2,,,,,,
2015-09-29 12:00,28.25,Control2,,,,,,
2015-09-29 13:00,29.73,Control2,,,,,,
2015-09-29 14:00,31.1,Control2,,,,,,
2015-09-29 15:00,31.75,Control2,,,,,,
2015-09-29 16:00,29.04,Control2,,,,,,
2015-09-29 17:00,25.65,Control2,,,,,,
2015-09-29 18:00,24.34,Control2,,,,,,
2015-09-29 19:00,23.15,Control2,,,,,,
2015-09-29 20:00,21.95,Control2,,,,,,
2015-09-29 21:00,20.88,Control2,,,,,,
2015-09-29 22:00,20.6,Control2,,,,,,
2015-09-29 23:00,20.5,Control2,,,,,,
2015-09-30 0:00,20.4,Control2,,,,,,
2015-09-30 1:00,20.44,Control2,,,,,,
2015-09-30 2:00,20.11,Control2,,,,,,
2015-09-30 3:00,19.74,Control2,,,,,,
2015-09-30 4:00,18.6,Control2,,,,,,
2015-09-30 5:00,17.68,Control2,,,,,,
2015-09-30 6:00,16.91,Control2,,,,,,
2015-09-30 7:00,16.51,Control2,,,,,,
2015-09-30 8:00,16.5,Control2,,,,,,
2015-09-30 9:00,17.04,Control2,,,,,,
2015-09-30 10:00,16.19,Control2,,,,,,
2015-09-30 11:00,16.12,Control2,,,,,,
2015-09-30 12:00,16.56,Control2,,,,,,
2015-09-30 13:00,18.15,Control2,,,,,,
2015-09-30 14:00,18.56,Control2,,,,,,
2015-09-30 15:00,18.83,Control2,,,,,,
2015-09-30 16:00,18.68,Control2,,,,,,
2015-09-30 17:00,18.18,Control2,,,,,,
2015-09-30 18:00,17.81,Control2,,,,,,
2015-09-30 19:00,17.24,Control2,,,,,,
2015-09-30 20:00,16.96,Control2,,,,,,
2015-09-30 21:00,16.65,Control2,,,,,,
2015-09-30 22:00,16.02,Control2,,,,,,
2015-09-30 23:00,14.31,Control2,,,,,,
2015-10-01 0:00,12.79,Control2,,,,,,
2015-10-01 1:00,11.68,Control2,,,,,,
2015-10-01 2:00,10.9,Control2,,,,,,
2015-10-01 3:00,10.28,Control2,,,,,,
2015-10-01 4:00,9.86,Control2,,,,,,
2015-10-01 5:00,9.51,Control2,,,,,,
2015-10-01 6:00,9.41,Control2,,,,,,
2015-10-01 7:00,9.39,Control2,,,,,,
2015-10-01 8:00,10.02,Control2,,,,,,
2015-10-01 9:00,11.89,Control2,,,,,,
2015-10-01 10:00,16.42,Control2,,,,,,
2015-10-01 11:00,21.67,Control2,,,,,,
2015-10-01 12:00,25.65,Control2,,,,,,
2015-10-01 13:00,27.91,Control2,,,,,,
2015-10-01 14:00,29.26,Control2,,,,,,
2015-10-01 15:00,29.13,Control2,,,,,,
2015-10-01 16:00,27.61,Control2,,,,,,
2015-10-01 17:00,24.61,Control2,,,,,,
2015-10-01 18:00,21.78,Control2,,,,,,
2015-10-01 19:00,19.3,Control2,,,,,,
2015-10-01 20:00,17.7,Control2,,,,,,
2015-10-01 21:00,16.96,Control2,,,,,,
2015-10-01 22:00,16.18,Control2,,,,,,
2015-10-01 23:00,15.45,Control2,,,,,,
2015-10-02 0:00,14.89,Control2,,,,,,
2015-10-02 1:00,14.36,Control2,,,,,,
2015-10-02 2:00,13.8,Control2,,,,,,
2015-10-02 3:00,13.32,Control2,,,,,,
2015-10-02 4:00,12.84,Control2,,,,,,
2015-10-02 5:00,12.42,Control2,,,,,,
2015-10-02 6:00,12.03,Control2,,,,,,
2015-10-02 7:00,11.74,Control2,,,,,,
2015-10-02 8:00,12.31,Control2,,,,,,
2015-10-02 9:00,14.22,Control2,,,,,,
2015-10-02 10:00,18.56,Control2,,,,,,
2015-10-02 11:00,22,Control2,,,,,,
2015-10-02 12:00,24.58,Control2,,,,,,
2015-10-02 13:00,24.66,Control2,,,,,,
2015-10-02 14:00,25.88,Control2,,,,,,
2015-10-02 15:00,25.93,Control2,,,,,,
2015-10-02 16:00,24.12,Control2,,,,,,
2015-10-02 17:00,21.24,Control2,,,,,,
2015-10-02 18:00,19.71,Control2,,,,,,
2015-10-02 19:00,17.24,Control2,,,,,,
2015-10-02 20:00,16.21,Control2,,,,,,
2015-10-02 21:00,15.5,Control2,,,,,,
2015-10-02 22:00,14.84,Control2,,,,,,
2015-10-02 23:00,14.42,Control2,,,,,,
2015-10-03 0:00,13.98,Control2,,,,,,
2015-10-03 1:00,13.47,Control2,,,,,,
2015-10-03 2:00,12.94,Control2,,,,,,
2015-10-03 3:00,12.59,Control2,,,,,,
2015-10-03 4:00,12.16,Control2,,,,,,
2015-10-03 5:00,11.84,Control2,,,,,,
2015-10-03 6:00,11.71,Control2,,,,,,
2015-10-03 7:00,11.74,Control2,,,,,,
2015-10-03 8:00,12.32,Control2,,,,,,
2015-10-03 9:00,14.17,Control2,,,,,,
2015-10-03 10:00,17.26,Control2,,,,,,
2015-10-03 11:00,20.59,Control2,,,,,,
2015-10-03 12:00,23.18,Control2,,,,,,
2015-10-03 13:00,24.46,Control2,,,,,,
2015-10-03 14:00,25.3,Control2,,,,,,
2015-10-03 15:00,24.68,Control2,,,,,,
2015-10-03 16:00,24.02,Control2,,,,,,
2015-10-03 17:00,22.24,Control2,,,,,,
2015-10-03 18:00,19.65,Control2,,,,,,
2015-10-03 19:00,18.05,Control2,,,,,,
2015-10-03 20:00,16.88,Control2,,,,,,
2015-10-03 21:00,16.22,Control2,,,,,,
2015-10-03 22:00,15.68,Control2,,,,,,
2015-10-03 23:00,15.21,Control2,,,,,,
2015-10-04 0:00,15.09,Control2,,,,,,
2015-10-04 1:00,14.54,Control2,,,,,,
2015-10-04 2:00,14.1,Control2,,,,,,
2015-10-04 3:00,13.77,Control2,,,,,,
2015-10-04 4:00,13.45,Control2,,,,,,
2015-10-04 5:00,12.83,Control2,,,,,,
2015-10-04 6:00,12.19,Control2,,,,,,
2015-10-04 7:00,11.95,Control2,,,,,,
2015-10-04 8:00,12.72,Control2,,,,,,
2015-10-04 9:00,14.4,Control2,,,,,,
2015-10-04 10:00,16.72,Control2,,,,,,
2015-10-04 11:00,20.4,Control2,,,,,,
2015-10-04 12:00,23.22,Control2,,,,,,
2015-10-04 13:00,24.45,Control2,,,,,,
2015-10-04 14:00,25.14,Control2,,,,,,
2015-10-04 15:00,25.1,Control2,,,,,,
2015-10-04 16:00,24.17,Control2,,,,,,
2015-10-04 17:00,23.02,Control2,,,,,,
2015-10-04 18:00,20.57,Control2,,,,,,
2015-10-04 19:00,18.11,Control2,,,,,,
2015-10-04 20:00,16.67,Control2,,,,,,
2015-10-04 21:00,16.15,Control2,,,,,,
2015-10-04 22:00,15.71,Control2,,,,,,
2015-10-04 23:00,15.17,Control2,,,,,,
2015-10-05 0:00,14.66,Control2,,,,,,
2015-10-05 1:00,14.2,Control2,,,,,,
2015-10-05 2:00,13.91,Control2,,,,,,
2015-10-05 3:00,13.48,Control2,,,,,,
2015-10-05 4:00,13.13,Control2,,,,,,
2015-10-05 5:00,12.7,Control2,,,,,,
2015-10-05 6:00,12.51,Control2,,,,,,
2015-10-05 7:00,12.6,Control2,,,,,,
2015-10-05 8:00,13.8,Control2,,,,,,
2015-10-05 9:00,16.75,Control2,,,,,,
2015-10-05 10:00,18.97,Control2,,,,,,
2015-10-05 11:00,20.88,Control2,,,,,,
2015-10-05 12:00,22.5,Control2,,,,,,
2015-10-05 13:00,23.96,Control2,,,,,,
2015-10-05 14:00,25.05,Control2,,,,,,
2015-10-05 15:00,25.19,Control2,,,,,,
2015-10-05 16:00,24.77,Control2,,,,,,
2015-10-05 17:00,23.86,Control2,,,,,,
2015-10-05 18:00,22.6,Control2,,,,,,
2015-10-05 19:00,20.91,Control2,,,,,,
2015-10-05 20:00,19.5,Control2,,,,,,
2015-10-05 21:00,18.7,Control2,,,,,,
2015-10-05 22:00,19.65,Control2,,,,,,
2015-10-05 23:00,19.94,Control2,,,,,,
2015-10-06 0:00,19.96,Control2,,,,,,
2015-10-06 1:00,19.93,Control2,,,,,,
2015-10-06 2:00,19.82,Control2,,,,,,
2015-10-06 3:00,19.59,Control2,,,,,,
2015-10-06 4:00,19.54,Control2,,,,,,
2015-10-06 5:00,19.41,Control2,,,,,,
2015-10-06 6:00,19.08,Control2,,,,,,
2015-10-06 7:00,18.99,Control2,,,,,,
2015-10-06 8:00,19.5,Control2,,,,,,
2015-10-06 9:00,20.15,Control2,,,,,,
2015-10-06 10:00,21.14,Control2,,,,,,
2015-10-06 11:00,22.5,Control2,,,,,,
2015-10-06 12:00,22.33,Control2,,,,,,
2015-10-06 13:00,23.5,Control2,,,,,,
2015-10-06 14:00,22.92,Control2,,,,,,
2015-10-06 15:00,22.79,Control2,,,,,,
2015-10-06 16:00,22.72,Control2,,,,,,
2015-10-06 17:00,22.51,Control2,,,,,,
2015-10-06 18:00,21.75,Control2,,,,,,
2015-10-06 19:00,20.8,Control2,,,,,,
2015-10-06 20:00,20.55,Control2,,,,,,
2015-10-06 21:00,19.69,Control2,,,,,,
2015-10-06 22:00,19.18,Control2,,,,,,
2015-10-06 23:00,18.14,Control2,,,,,,
2015-10-07 0:00,18.4,Control2,,,,,,
2015-10-07 1:00,19.04,Control2,,,,,,
2015-10-07 2:00,18.82,Control2,,,,,,
2015-10-07 3:00,18.72,Control2,,,,,,
2015-10-07 4:00,18.96,Control2,,,,,,
2015-10-07 5:00,19.02,Control2,,,,,,
2015-10-07 6:00,18.87,Control2,,,,,,
2015-10-07 7:00,18.85,Control2,,,,,,
2015-10-07 8:00,19.4,Control2,,,,,,
2015-10-07 9:00,19.98,Control2,,,,,,
2015-10-07 10:00,20.56,Control2,,,,,,
2015-10-07 11:00,21.64,Control2,,,,,,
2015-10-07 12:00,23.14,Control2,,,,,,
2015-10-07 13:00,25.9,Control2,,,,,,
2015-10-07 14:00,27.4,Control2,,,,,,
2015-10-07 15:00,27.66,Control2,,,,,,
2015-10-07 16:00,26.01,Control2,,,,,,
2015-10-07 17:00,24.03,Control2,,,,,,
2015-10-07 18:00,21.72,Control2,,,,,,
2015-10-07 19:00,19.74,Control2,,,,,,
2015-10-07 20:00,18.15,Control2,,,,,,
2015-10-07 21:00,17.13,Control2,,,,,,
2015-10-07 22:00,16.32,Control2,,,,,,
2015-10-07 23:00,15.26,Control2,,,,,,
2015-10-08 0:00,14.22,Control2,,,,,,
2015-10-08 1:00,13.46,Control2,,,,,,
2015-10-08 2:00,12.7,Control2,,,,,,
2015-10-08 3:00,12.08,Control2,,,,,,
2015-10-08 4:00,11.63,Control2,,,,,,
2015-10-08 5:00,11.19,Control2,,,,,,
2015-10-08 6:00,10.85,Control2,,,,,,
2015-10-08 7:00,10.38,Control2,,,,,,
2015-10-08 8:00,10.97,Control2,,,,,,
2015-10-08 9:00,12.96,Control2,,,,,,
2015-10-08 10:00,16.11,Control2,,,,,,
2015-10-08 11:00,20.61,Control2,,,,,,
2015-10-08 12:00,22.6,Control2,,,,,,
2015-10-08 13:00,23.77,Control2,,,,,,
2015-10-08 14:00,,Control2,,,,,,
2015-10-08 15:00,,Control2,,,,,,
2015-10-08 16:00,,Control2,,,,,,
2015-10-08 17:00,,Control2,,,,,,
2015-10-08 18:00,17.03,Control2,,,,,,
2015-10-08 19:00,,Control2,,,,,,
2015-10-08 20:00,,Control2,,,,,,
2015-10-08 21:00,,Control2,,,,,,
2015-10-08 22:00,,Control2,,,,,,
2015-10-08 23:00,,Control2,,,,,,
2015-10-09 0:00,16.05,Control2,,,,,,
2015-10-09 1:00,16.07,Control2,,,,,,
2015-10-09 2:00,15.76,Control2,,,,,,
2015-10-09 3:00,15.73,Control2,,,,,,
2015-10-09 3:59,15.14,Control2,,,,,,
2015-10-09 4:59,14.3,Control2,,,,,,
2015-10-09 5:59,14.01,Control2,,,,,,
2015-10-09 6:59,13.76,Control2,,,,,,
2015-10-09 7:59,13.5,Control2,,,,,,
2015-09-23 0:00,13.68,Control3,,,,,,
2015-09-23 1:00,14.44,Control3,,,,,,
2015-09-23 2:00,15.02,Control3,,,,,,
2015-09-23 3:00,15.02,Control3,,,,,,
2015-09-23 4:00,14.89,Control3,,,,,,
2015-09-23 5:00,14.61,Control3,,,,,,
2015-09-23 6:00,14.26,Control3,,,,,,
2015-09-23 7:00,14.41,Control3,,,,,,
2015-09-23 8:00,15.05,Control3,,,,,,
2015-09-23 9:00,16.49,Control3,,,,,,
2015-09-23 10:00,22.67,Control3,,,,,,
2015-09-23 11:00,27.32,Control3,,,,,,
2015-09-23 12:00,30.32,Control3,,,,,,
2015-09-23 13:00,32.07,Control3,,,,,,
2015-09-23 14:00,32.27,Control3,,,,,,
2015-09-23 15:00,31.92,Control3,,,,,,
2015-09-23 16:00,30.58,Control3,,,,,,
2015-09-23 17:00,27.96,Control3,,,,,,
2015-09-23 18:00,24.4,Control3,,,,,,
2015-09-23 19:00,21.39,Control3,,,,,,
2015-09-23 20:00,20.12,Control3,,,,,,
2015-09-23 21:00,19.24,Control3,,,,,,
2015-09-23 22:00,18.34,Control3,,,,,,
2015-09-23 23:00,17.2,Control3,,,,,,
2015-09-24 0:00,16.5,Control3,,,,,,
2015-09-24 1:00,16.03,Control3,,,,,,
2015-09-24 2:00,15.73,Control3,,,,,,
2015-09-24 3:00,15.15,Control3,,,,,,
2015-09-24 4:00,15.19,Control3,,,,,,
2015-09-24 5:00,,Control3,,,,,,
2015-09-24 6:00,,Control3,,,,,,
2015-09-24 7:00,,Control3,,,,,,
2015-09-24 8:00,,Control3,,,,,,
2015-09-24 9:00,,Control3,,,,,,
2015-09-24 10:00,22.06,Control3,,,,,,
2015-09-24 11:00,24.54,Control3,,,,,,
2015-09-24 12:00,27.36,Control3,,,,,,
2015-09-24 13:00,29.42,Control3,,,,,,
2015-09-24 14:00,30.06,Control3,,,,,,
2015-09-24 15:00,29.33,Control3,,,,,,
2015-09-24 16:00,27.04,Control3,,,,,,
2015-09-24 17:00,24.6,Control3,,,,,,
2015-09-24 18:00,20.89,Control3,,,,,,
2015-09-24 19:00,16.61,Control3,,,,,,
2015-09-24 20:00,15.29,Control3,,,,,,
2015-09-24 21:00,14.8,Control3,,,,,,
2015-09-24 22:00,15.09,Control3,,,,,,
2015-09-24 23:00,14.67,Control3,,,,,,
2015-09-25 0:00,14.64,Control3,,,,,,
2015-09-25 1:00,14.02,Control3,,,,,,
2015-09-25 2:00,13.71,Control3,,,,,,
2015-09-25 3:00,13.11,Control3,,,,,,
2015-09-25 4:00,13.38,Control3,,,,,,
2015-09-25 5:00,13.37,Control3,,,,,,
2015-09-25 6:00,13.24,Control3,,,,,,
2015-09-25 7:00,13.58,Control3,,,,,,
2015-09-25 8:00,14.49,Control3,,,,,,
2015-09-25 9:00,15.46,Control3,,,,,,
2015-09-25 10:00,16.53,Control3,,,,,,
2015-09-25 11:00,18.56,Control3,,,,,,
2015-09-25 12:00,18.59,Control3,,,,,,
2015-09-25 13:00,18.03,Control3,,,,,,
2015-09-25 14:00,19.25,Control3,,,,,,
2015-09-25 15:00,21.33,Control3,,,,,,
2015-09-25 16:00,22.37,Control3,,,,,,
2015-09-25 17:00,20.8,Control3,,,,,,
2015-09-25 18:00,17.72,Control3,,,,,,
2015-09-25 19:00,13.79,Control3,,,,,,
2015-09-25 20:00,12.05,Control3,,,,,,
2015-09-25 21:00,11.38,Control3,,,,,,
2015-09-25 22:00,11.06,Control3,,,,,,
2015-09-25 23:00,10.63,Control3,,,,,,
2015-09-26 0:00,10.34,Control3,,,,,,
2015-09-26 1:00,10.14,Control3,,,,,,
2015-09-26 2:00,9.87,Control3,,,,,,
2015-09-26 3:00,10,Control3,,,,,,
2015-09-26 4:00,9.8,Control3,,,,,,
2015-09-26 5:00,9.49,Control3,,,,,,
2015-09-26 6:00,9.11,Control3,,,,,,
2015-09-26 7:00,9.11,Control3,,,,,,
2015-09-26 8:00,9.96,Control3,,,,,,
2015-09-26 9:00,11.82,Control3,,,,,,
2015-09-26 10:00,18.22,Control3,,,,,,
2015-09-26 11:00,22.64,Control3,,,,,,
2015-09-26 12:00,24.41,Control3,,,,,,
2015-09-26 13:00,25.77,Control3,,,,,,
2015-09-26 14:00,27.05,Control3,,,,,,
2015-09-26 15:00,26.87,Control3,,,,,,
2015-09-26 16:00,25.25,Control3,,,,,,
2015-09-26 17:00,22.74,Control3,,,,,,
2015-09-26 18:00,18.47,Control3,,,,,,
2015-09-26 19:00,14.24,Control3,,,,,,
2015-09-26 20:00,12.26,Control3,,,,,,
2015-09-26 21:00,11.32,Control3,,,,,,
2015-09-26 22:00,10.75,Control3,,,,,,
2015-09-26 23:00,10.42,Control3,,,,,,
2015-09-27 0:00,10.13,Control3,,,,,,
2015-09-27 1:00,9.9,Control3,,,,,,
2015-09-27 2:00,10.07,Control3,,,,,,
2015-09-27 3:00,10.06,Control3,,,,,,
2015-09-27 4:00,9.87,Control3,,,,,,
2015-09-27 5:00,9.76,Control3,,,,,,
2015-09-27 6:00,9.5,Control3,,,,,,
2015-09-27 7:00,9.78,Control3,,,,,,
2015-09-27 8:00,11.35,Control3,,,,,,
2015-09-27 9:00,13.79,Control3,,,,,,
2015-09-27 10:00,19.8,Control3,,,,,,
2015-09-27 11:00,24.25,Control3,,,,,,
2015-09-27 12:00,27.16,Control3,,,,,,
2015-09-27 13:00,28.95,Control3,,,,,,
2015-09-27 14:00,29.32,Control3,,,,,,
2015-09-27 15:00,29.72,Control3,,,,,,
2015-09-27 16:00,28.9,Control3,,,,,,
2015-09-27 17:00,26.87,Control3,,,,,,
2015-09-27 18:00,22.96,Control3,,,,,,
2015-09-27 19:00,19.33,Control3,,,,,,
2015-09-27 20:00,17.52,Control3,,,,,,
2015-09-27 21:00,16.49,Control3,,,,,,
2015-09-27 22:00,15.44,Control3,,,,,,
2015-09-27 23:00,15.04,Control3,,,,,,
2015-09-28 0:00,14.11,Control3,,,,,,
2015-09-28 1:00,14.22,Control3,,,,,,
2015-09-28 2:00,15.87,Control3,,,,,,
2015-09-28 3:00,16.75,Control3,,,,,,
2015-09-28 4:00,16.58,Control3,,,,,,
2015-09-28 5:00,16.23,Control3,,,,,,
2015-09-28 6:00,16.96,Control3,,,,,,
2015-09-28 7:00,17.55,Control3,,,,,,
2015-09-28 8:00,18.25,Control3,,,,,,
2015-09-28 9:00,18.95,Control3,,,,,,
2015-09-28 10:00,20.41,Control3,,,,,,
2015-09-28 11:00,21.41,Control3,,,,,,
2015-09-28 12:00,23.4,Control3,,,,,,
2015-09-28 13:00,23.31,Control3,,,,,,
2015-09-28 14:00,23.17,Control3,,,,,,
2015-09-28 15:00,22.6,Control3,,,,,,
2015-09-28 16:00,21.73,Control3,,,,,,
2015-09-28 17:00,21.17,Control3,,,,,,
2015-09-28 18:00,20.84,Control3,,,,,,
2015-09-28 19:00,20.47,Control3,,,,,,
2015-09-28 20:00,20.35,Control3,,,,,,
2015-09-28 21:00,20.41,Control3,,,,,,
2015-09-28 22:00,20.68,Control3,,,,,,
2015-09-28 23:00,20.68,Control3,,,,,,
2015-09-29 0:00,20.49,Control3,,,,,,
2015-09-29 1:00,20.68,Control3,,,,,,
2015-09-29 2:00,21.04,Control3,,,,,,
2015-09-29 3:00,21.14,Control3,,,,,,
2015-09-29 4:00,21.2,Control3,,,,,,
2015-09-29 5:00,21.22,Control3,,,,,,
2015-09-29 6:00,21.29,Control3,,,,,,
2015-09-29 7:00,21.29,Control3,,,,,,
2015-09-29 8:00,22.16,Control3,,,,,,
2015-09-29 9:00,22.65,Control3,,,,,,
2015-09-29 10:00,23.03,Control3,,,,,,
2015-09-29 11:00,24.09,Control3,,,,,,
2015-09-29 12:00,25.24,Control3,,,,,,
2015-09-29 13:00,26.94,Control3,,,,,,
2015-09-29 14:00,28.14,Control3,,,,,,
2015-09-29 15:00,28.8,Control3,,,,,,
2015-09-29 16:00,25.6,Control3,,,,,,
2015-09-29 17:00,21.18,Control3,,,,,,
2015-09-29 18:00,19.87,Control3,,,,,,
2015-09-29 19:00,18.46,Control3,,,,,,
2015-09-29 20:00,17.01,Control3,,,,,,
2015-09-29 21:00,16.42,Control3,,,,,,
2015-09-29 22:00,16.42,Control3,,,,,,
2015-09-29 23:00,16.73,Control3,,,,,,
2015-09-30 0:00,16.88,Control3,,,,,,
2015-09-30 1:00,16.95,Control3,,,,,,
2015-09-30 2:00,16.43,Control3,,,,,,
2015-09-30 3:00,15.96,Control3,,,,,,
2015-09-30 4:00,14.38,Control3,,,,,,
2015-09-30 5:00,13.36,Control3,,,,,,
2015-09-30 6:00,12.73,Control3,,,,,,
2015-09-30 7:00,12.44,Control3,,,,,,
2015-09-30 8:00,12.29,Control3,,,,,,
2015-09-30 9:00,13.14,Control3,,,,,,
2015-09-30 10:00,12.5,Control3,,,,,,
2015-09-30 11:00,12.52,Control3,,,,,,
2015-09-30 12:00,13.18,Control3,,,,,,
2015-09-30 13:00,14.15,Control3,,,,,,
2015-09-30 14:00,14.5,Control3,,,,,,
2015-09-30 15:00,14.67,Control3,,,,,,
2015-09-30 16:00,14.88,Control3,,,,,,
2015-09-30 17:00,14.75,Control3,,,,,,
2015-09-30 18:00,14.52,Control3,,,,,,
2015-09-30 19:00,14.18,Control3,,,,,,
2015-09-30 20:00,13.82,Control3,,,,,,
2015-09-30 21:00,13.55,Control3,,,,,,
2015-09-30 22:00,12.97,Control3,,,,,,
2015-09-30 23:00,11.57,Control3,,,,,,
2015-10-01 0:00,10.32,Control3,,,,,,
2015-10-01 1:00,9.41,Control3,,,,,,
2015-10-01 2:00,8.82,Control3,,,,,,
2015-10-01 3:00,8.25,Control3,,,,,,
2015-10-01 4:00,7.99,Control3,,,,,,
2015-10-01 5:00,7.74,Control3,,,,,,
2015-10-01 6:00,7.7,Control3,,,,,,
2015-10-01 7:00,7.77,Control3,,,,,,
2015-10-01 8:00,8.39,Control3,,,,,,
2015-10-01 9:00,9.77,Control3,,,,,,
2015-10-01 10:00,13.66,Control3,,,,,,
2015-10-01 11:00,18.02,Control3,,,,,,
2015-10-01 12:00,21.28,Control3,,,,,,
2015-10-01 13:00,22.57,Control3,,,,,,
2015-10-01 14:00,22.94,Control3,,,,,,
2015-10-01 15:00,21.84,Control3,,,,,,
2015-10-01 16:00,19.88,Control3,,,,,,
2015-10-01 17:00,17.12,Control3,,,,,,
2015-10-01 18:00,14.86,Control3,,,,,,
2015-10-01 19:00,13.13,Control3,,,,,,
2015-10-01 20:00,12.35,Control3,,,,,,
2015-10-01 21:00,11.7,Control3,,,,,,
2015-10-01 22:00,11.24,Control3,,,,,,
2015-10-01 23:00,10.78,Control3,,,,,,
2015-10-02 0:00,10.35,Control3,,,,,,
2015-10-02 1:00,9.92,Control3,,,,,,
2015-10-02 2:00,9.59,Control3,,,,,,
2015-10-02 3:00,9.32,Control3,,,,,,
2015-10-02 4:00,9.01,Control3,,,,,,
2015-10-02 5:00,8.86,Control3,,,,,,
2015-10-02 6:00,8.63,Control3,,,,,,
2015-10-02 7:00,8.49,Control3,,,,,,
2015-10-02 8:00,9.13,Control3,,,,,,
2015-10-02 9:00,10.35,Control3,,,,,,
2015-10-02 10:00,14.49,Control3,,,,,,
2015-10-02 11:00,17.01,Control3,,,,,,
2015-10-02 12:00,18.69,Control3,,,,,,
2015-10-02 13:00,18.32,Control3,,,,,,
2015-10-02 14:00,19.7,Control3,,,,,,
2015-10-02 15:00,18.94,Control3,,,,,,
2015-10-02 16:00,16.83,Control3,,,,,,
2015-10-02 17:00,14.02,Control3,,,,,,
2015-10-02 18:00,12.7,Control3,,,,,,
2015-10-02 19:00,11.72,Control3,,,,,,
2015-10-02 20:00,11.42,Control3,,,,,,
2015-10-02 21:00,10.97,Control3,,,,,,
2015-10-02 22:00,10.2,Control3,,,,,,
2015-10-02 23:00,9.73,Control3,,,,,,
2015-10-03 0:00,9.66,Control3,,,,,,
2015-10-03 1:00,9.29,Control3,,,,,,
2015-10-03 2:00,8.89,Control3,,,,,,
2015-10-03 3:00,8.4,Control3,,,,,,
2015-10-03 4:00,8.09,Control3,,,,,,
2015-10-03 5:00,7.88,Control3,,,,,,
2015-10-03 6:00,7.73,Control3,,,,,,
2015-10-03 7:00,7.87,Control3,,,,,,
2015-10-03 8:00,8.66,Control3,,,,,,
2015-10-03 9:00,10.18,Control3,,,,,,
2015-10-03 10:00,13.34,Control3,,,,,,
2015-10-03 11:00,15.62,Control3,,,,,,
2015-10-03 12:00,17.57,Control3,,,,,,
2015-10-03 13:00,18.09,Control3,,,,,,
2015-10-03 14:00,18.78,Control3,,,,,,
2015-10-03 15:00,17.31,Control3,,,,,,
2015-10-03 16:00,16.77,Control3,,,,,,
2015-10-03 17:00,15.19,Control3,,,,,,
2015-10-03 18:00,12.91,Control3,,,,,,
2015-10-03 19:00,12.26,Control3,,,,,,
2015-10-03 20:00,11.83,Control3,,,,,,
2015-10-03 21:00,11.42,Control3,,,,,,
2015-10-03 22:00,11.03,Control3,,,,,,
2015-10-03 23:00,10.68,Control3,,,,,,
2015-10-04 0:00,10.35,Control3,,,,,,
2015-10-04 1:00,10,Control3,,,,,,
2015-10-04 2:00,9.59,Control3,,,,,,
2015-10-04 3:00,9.2,Control3,,,,,,
2015-10-04 4:00,8.73,Control3,,,,,,
2015-10-04 5:00,8.34,Control3,,,,,,
2015-10-04 6:00,8.19,Control3,,,,,,
2015-10-04 7:00,8.12,Control3,,,,,,
2015-10-04 8:00,8.81,Control3,,,,,,
2015-10-04 9:00,10.57,Control3,,,,,,
2015-10-04 10:00,12.7,Control3,,,,,,
2015-10-04 11:00,17,Control3,,,,,,
2015-10-04 12:00,19.87,Control3,,,,,,
2015-10-04 13:00,20.66,Control3,,,,,,
2015-10-04 14:00,20.68,Control3,,,,,,
2015-10-04 15:00,20.08,Control3,,,,,,
2015-10-04 16:00,18.75,Control3,,,,,,
2015-10-04 17:00,17.51,Control3,,,,,,
2015-10-04 18:00,14.63,Control3,,,,,,
2015-10-04 19:00,12.39,Control3,,,,,,
2015-10-04 20:00,11.56,Control3,,,,,,
2015-10-04 21:00,11.37,Control3,,,,,,
2015-10-04 22:00,11.2,Control3,,,,,,
2015-10-04 23:00,10.75,Control3,,,,,,
2015-10-05 0:00,10.33,Control3,,,,,,
2015-10-05 1:00,10.1,Control3,,,,,,
2015-10-05 2:00,9.89,Control3,,,,,,
2015-10-05 3:00,9.56,Control3,,,,,,
2015-10-05 4:00,9.35,Control3,,,,,,
2015-10-05 5:00,9.16,Control3,,,,,,
2015-10-05 6:00,8.97,Control3,,,,,,
2015-10-05 7:00,8.91,Control3,,,,,,
2015-10-05 8:00,10.3,Control3,,,,,,
2015-10-05 9:00,13.74,Control3,,,,,,
2015-10-05 10:00,16.18,Control3,,,,,,
2015-10-05 11:00,17.71,Control3,,,,,,
2015-10-05 12:00,19.38,Control3,,,,,,
2015-10-05 13:00,20.7,Control3,,,,,,
2015-10-05 14:00,21.46,Control3,,,,,,
2015-10-05 15:00,21.26,Control3,,,,,,
2015-10-05 16:00,20.26,Control3,,,,,,
2015-10-05 17:00,18.66,Control3,,,,,,
2015-10-05 18:00,16.72,Control3,,,,,,
2015-10-05 19:00,15.34,Control3,,,,,,
2015-10-05 20:00,14.21,Control3,,,,,,
2015-10-05 21:00,13.82,Control3,,,,,,
2015-10-05 22:00,14.92,Control3,,,,,,
2015-10-05 23:00,15.27,Control3,,,,,,
2015-10-06 0:00,15.46,Control3,,,,,,
2015-10-06 1:00,15.45,Control3,,,,,,
2015-10-06 2:00,15.37,Control3,,,,,,
2015-10-06 3:00,15.25,Control3,,,,,,
2015-10-06 4:00,15.14,Control3,,,,,,
2015-10-06 5:00,14.94,Control3,,,,,,
2015-10-06 6:00,14.76,Control3,,,,,,
2015-10-06 7:00,14.76,Control3,,,,,,
2015-10-06 8:00,15.35,Control3,,,,,,
2015-10-06 9:00,16.17,Control3,,,,,,
2015-10-06 10:00,17.33,Control3,,,,,,
2015-10-06 11:00,18.59,Control3,,,,,,
2015-10-06 12:00,17.86,Control3,,,,,,
2015-10-06 13:00,19.14,Control3,,,,,,
2015-10-06 14:00,18.17,Control3,,,,,,
2015-10-06 15:00,18.14,Control3,,,,,,
2015-10-06 16:00,18.1,Control3,,,,,,
2015-10-06 17:00,17.32,Control3,,,,,,
2015-10-06 18:00,16.5,Control3,,,,,,
2015-10-06 19:00,16.07,Control3,,,,,,
2015-10-06 20:00,15.95,Control3,,,,,,
2015-10-06 21:00,15.21,Control3,,,,,,
2015-10-06 22:00,14.95,Control3,,,,,,
2015-10-06 23:00,13.9,Control3,,,,,,
2015-10-07 0:00,14.18,Control3,,,,,,
2015-10-07 1:00,15.1,Control3,,,,,,
2015-10-07 2:00,14.97,Control3,,,,,,
2015-10-07 3:00,14.87,Control3,,,,,,
2015-10-07 4:00,15.1,Control3,,,,,,
2015-10-07 5:00,15.2,Control3,,,,,,
2015-10-07 6:00,15.25,Control3,,,,,,
2015-10-07 7:00,15.22,Control3,,,,,,
2015-10-07 8:00,15.56,Control3,,,,,,
2015-10-07 9:00,16.06,Control3,,,,,,
2015-10-07 10:00,16.03,Control3,,,,,,
2015-10-07 11:00,17.85,Control3,,,,,,
2015-10-07 12:00,19.76,Control3,,,,,,
2015-10-07 13:00,22.78,Control3,,,,,,
2015-10-07 14:00,23.69,Control3,,,,,,
2015-10-07 15:00,23.6,Control3,,,,,,
2015-10-07 16:00,21.2,Control3,,,,,,
2015-10-07 17:00,18.38,Control3,,,,,,
2015-10-07 18:00,15.75,Control3,,,,,,
2015-10-07 19:00,14.66,Control3,,,,,,
2015-10-07 20:00,13.56,Control3,,,,,,
2015-10-07 21:00,12.61,Control3,,,,,,
2015-10-07 22:00,11.56,Control3,,,,,,
2015-10-07 23:00,10.56,Control3,,,,,,
2015-10-08 0:00,9.7,Control3,,,,,,
2015-10-08 1:00,9.25,Control3,,,,,,
2015-10-08 2:00,8.86,Control3,,,,,,
2015-10-08 3:00,8.43,Control3,,,,,,
2015-10-08 4:00,8.06,Control3,,,,,,
2015-10-08 5:00,7.66,Control3,,,,,,
2015-10-08 6:00,7.18,Control3,,,,,,
2015-10-08 7:00,6.91,Control3,,,,,,
2015-10-08 8:00,8.22,Control3,,,,,,
2015-10-08 9:00,10.25,Control3,,,,,,
2015-10-08 10:00,13.58,Control3,,,,,,
2015-10-08 11:00,18.09,Control3,,,,,,
2015-10-08 12:00,19.81,Control3,,,,,,
2015-10-08 13:00,21.45,Control3,,,,,,
2015-10-08 14:00,21.96,Control3,,,,,,
2015-10-08 15:00,20.39,Control3,,,,,,
2015-10-08 16:00,18.77,Control3,,,,,,
2015-10-08 17:00,16.09,Control3,,,,,,
2015-10-08 18:00,12.56,Control3,,,,,,
2015-10-08 19:00,,Control3,,,,,,
2015-10-08 20:00,,Control3,,,,,,
2015-10-08 21:00,,Control3,,,,,,
2015-10-08 22:00,,Control3,,,,,,
2015-10-08 23:00,,Control3,,,,,,
2015-10-09 0:00,12.46,Control3,,,,,,
2015-10-09 1:00,12.45,Control3,,,,,,
2015-10-09 2:00,11.99,Control3,,,,,,
2015-10-09 3:00,11.8,Control3,,,,,,
2015-10-09 3:59,11.19,Control3,,,,,,
2015-10-09 4:59,10.37,Control3,,,,,,
2015-10-09 5:59,9.73,Control3,,,,,,
2015-10-09 6:59,9.38,Control3,,,,,,
2015-10-09 7:59,9.41,Control3,,,,,,
2015-10-09 8:59,9.57,Control3,,,,,,
2015-10-09 9:59,9.7,Control3,,,,,,
2015-10-09 10:59,10.1,Control3,,,,,,
2015-10-09 11:59,10.55,Control3,,,,,,
2015-10-09 12:59,10.8,Control3,,,,,,
2015-10-09 13:59,11.1,Control3,,,,,,
2015-10-09 14:59,11.14,Control3,,,,,,
2015-10-09 15:59,11.46,Control3,,,,,,
2015-10-09 16:59,11.18,Control3,,,,,,
2015-10-09 17:59,11.19,Control3,,,,,,
2015-10-09 18:59,11.31,Control3,,,,,,
2015-10-09 19:59,10.7,Control3,,,,,,
2015-10-09 20:59,9.95,Control3,,,,,,
2015-10-09 21:59,9.43,Control3,,,,,,
2015-10-09 22:59,8.75,Control3,,,,,,
2015-10-09 23:59,8.47,Control3,,,,,,
2015-10-10 0:59,8.5,Control3,,,,,,
2015-10-10 1:59,8.18,Control3,,,,,,
2015-10-10 2:59,7.63,Control3,,,,,,
2015-10-10 3:59,7.05,Control3,,,,,,
2015-10-10 4:59,6.34,Control3,,,,,,
2015-10-10 5:59,5.64,Control3,,,,,,
2015-10-10 6:59,5.37,Control3,,,,,,
2015-10-10 7:59,6.15,Control3,,,,,,
2015-10-10 8:59,7.56,Control3,,,,,,
2015-10-10 9:59,11.41,Control3,,,,,,
2015-10-10 10:59,15.3,Control3,,,,,,
2015-10-10 11:59,17.2,Control3,,,,,,